Datum;Volume;Open;Hoog;Laag;Slot
31-12-2007;Null;516,06;516,32;515,07;515,77
28-12-2007;Null;514,07;516,92;514,07;515,69
27-12-2007;Null;517,95;519,08;515,52;516,43
24-12-2007;Null;515,29;516,44;514,79;516,19
21-12-2007;Null;512,03;514,8;510,44;513,71
20-12-2007;Null;504,13;508,3;503,93;506,79
19-12-2007;Null;504,46;505,85;499;502,63
18-12-2007;Null;502,05;508,69;501,79;502,72
17-12-2007;Null;505,66;506,16;502,38;503,46
14-12-2007;Null;510,43;512,24;506,33;511,28
13-12-2007;Null;511,39;511,98;507,1;507,9
12-12-2007;Null;510,04;521,49;509,32;516,2
11-12-2007;Null;518,69;518,82;513,45;515,49
10-12-2007;Null;512;518,24;511,98;516,84
7-12-2007;Null;512,82;516,39;512,25;513,59
6-12-2007;Null;510,46;515,34;506,78;510,43
5-12-2007;Null;499,67;508,65;499,48;507,8
4-12-2007;Null;503,61;503,73;495,49;497,52
3-12-2007;Null;506,86;508,91;501,96;502,88
30-11-2007;Null;502,85;509,87;502,34;507,58
29-11-2007;Null;503,87;504,31;497,98;501,91
28-11-2007;Null;494,31;501,39;487,99;500,21
27-11-2007;Null;487,98;494,83;486,73;492,24
26-11-2007;Null;497,16;499,51;491,3;491,82
23-11-2007;Null;484,72;493,15;484,72;492,47
22-11-2007;Null;484,47;487,57;481,84;484,93
21-11-2007;Null;487,1;488,53;480,87;483,53
20-11-2007;Null;492,47;495,04;484,92;493,84
19-11-2007;Null;501,93;504,63;490,09;491,09
16-11-2007;Null;500,81;503,42;496,92;500,08
15-11-2007;Null;511,34;513;504,96;506,78
14-11-2007;Null;514,63;515,67;510,53;512,32
13-11-2007;Null;505,76;509,51;504;507,89
12-11-2007;Null;506,61;509,03;502,92;508,32
9-11-2007;Null;524,07;525,2;506,74;510,65
8-11-2007;Null;522,02;526,59;520,97;523,17
7-11-2007;Null;535,15;535,93;526,35;530,27
6-11-2007;Null;535,7;536,49;533,17;533,7
5-11-2007;Null;534,26;535,79;531,48;534,02
2-11-2007;Null;536,55;539,95;534,3;537,25
1-11-2007;Null;549,72;549,78;537,9;540,92
31-10-2007;Null;543,58;547,85;543,03;547,85
30-10-2007;Null;548,58;549,79;544,77;545,25
29-10-2007;Null;551,15;551,69;549,38;550,85
26-10-2007;Null;546,28;548,29;542,77;Null
25-10-2007;Null;546,41;548,59;544,65;545,94
24-10-2007;Null;546,76;547,52;542,14;543,34
23-10-2007;Null;545,63;548,6;544,72;546,37
22-10-2007;Null;541,44;543,4;538,51;541,43
19-10-2007;Null;550,25;554,38;549,44;551,05
18-10-2007;Null;555,89;556,99;549,02;551,53
17-10-2007;Null;549,52;556,03;549,18;554,55
16-10-2007;Null;551,56;552,24;547,68;550,3
15-10-2007;Null;558,01;558,83;552,78;553,07
12-10-2007;Null;553,64;559,14;552,03;559,14
11-10-2007;Null;555,04;559,43;555,04;558,01
10-10-2007;Null;551,26;557,03;549,35;554,57
9-10-2007;Null;545,54;551,31;544,23;550,72
8-10-2007;Null;547,3;548,45;545,64;545,79
5-10-2007;Null;542,63;546,71;542,29;546,6
4-10-2007;Null;538,11;542,93;537,76;541,75
3-10-2007;Null;543,47;543,85;539,03;540,53
2-10-2007;Null;548,68;549,02;542,14;542,93
1-10-2007;Null;538,41;545,85;537,51;545,57
28-9-2007;Null;542,14;542,75;537,72;540,98
27-9-2007;Null;542,55;544,42;541,59;542,24
26-9-2007;Null;536,65;541,51;536,65;539,37
25-9-2007;Null;539,3;539,77;533,46;534,99
24-9-2007;Null;543,88;544,43;540,63;541,63
21-9-2007;Null;540,69;546,56;540,69;544,65
20-9-2007;Null;540,25;543,03;539,41;542,45
19-9-2007;Null;541,17;545,06;537,81;543,54
18-9-2007;Null;522,03;531,35;521,56;531
17-9-2007;Null;527,51;527,51;521,71;522,99
14-9-2007;Null;529,14;530,24;524,38;528,36
13-9-2007;Null;522,78;531,72;521,65;530,96
12-9-2007;Null;522,43;524,18;518,59;523,38
11-9-2007;Null;518,07;521,88;516,68;521,53
10-9-2007;Null;517,48;520,05;512,42;512,9
7-9-2007;Null;526,17;529,25;516,49;517,43
6-9-2007;Null;526,04;527,29;520,81;527,21
5-9-2007;Null;530,24;530,24;522,92;523,02
4-9-2007;Null;524,34;531,75;522,32;531
3-9-2007;Null;523,77;525,93;522,92;525,36
31-8-2007;Null;521,32;525,27;519,72;522,73
30-8-2007;Null;515,91;518,78;510,35;517,67
29-8-2007;Null;504,32;511,35;503,14;510,79
28-8-2007;Null;517,3;517,51;506,96;508,01
27-8-2007;Null;519,79;521,21;517,81;518,12
24-8-2007;Null;512,65;520,48;512,65;518,1
23-8-2007;Null;519,3;521,15;514,75;514,75
22-8-2007;Null;507,95;515,44;507,71;514,3
21-8-2007;Null;506,18;507,87;499,83;505,61
20-8-2007;Null;503,85;508,17;503,22;504,57
17-8-2007;Null;485,35;506,9;479,49;499
16-8-2007;Null;496,9;497,55;487,06;487,06
15-8-2007;Null;503,21;507,6;501,27;506,04
14-8-2007;Null;511,94;515,34;507,06;508,43
13-8-2007;Null;508,21;513,92;507,53;513,25
10-8-2007;Null;507,82;509,28;497,79;502,04
9-8-2007;Null;530,24;530,24;514,44;517,85
8-8-2007;Null;526,32;532,83;525,46;530,98
7-8-2007;Null;521,74;522,08;517,62;521,43
6-8-2007;Null;515,72;519,86;515,08;516,04
3-8-2007;Null;528,13;528,36;520,1;521,52
2-8-2007;Null;530,16;530,49;525,21;527,76
1-8-2007;Null;523,46;528,78;519,04;524,45
31-7-2007;Null;529,44;534,04;528,5;533,99
30-7-2007;Null;527,11;530,74;523,76;525,76
27-7-2007;Null;528,55;535,94;525,78;526,69
26-7-2007;Null;549,58;549,84;533,04;533,04
25-7-2007;Null;547,32;551,67;544,56;546,88
24-7-2007;Null;557,98;558,83;551,03;551,59
23-7-2007;Null;554,71;558,95;554,67;558,95
20-7-2007;Null;559,71;561,57;554,99;555,02
19-7-2007;Null;559,25;561,17;557,79;560,25
18-7-2007;Null;556,79;559,83;555,63;555,63
17-7-2007;Null;560,31;561,56;558,05;560,79
16-7-2007;Null;563,02;563,66;560,38;561,9
13-7-2007;Null;563,47;563,98;560,36;560,93
12-7-2007;Null;554,55;560,14;551,34;560,14
11-7-2007;Null;550,54;554,48;549,34;553,56
10-7-2007;Null;558,77;559,95;553,76;554,95
9-7-2007;Null;556,8;558,26;556,08;557,43
6-7-2007;Null;550,97;555;550,46;555
5-7-2007;Null;555,61;555,63;549,92;550,8
4-7-2007;Null;553,45;554,62;552,2;554,25
3-7-2007;Null;553,19;553,88;552,41;553,04
2-7-2007;Null;545,5;550,36;545,5;549,84
29-6-2007;Null;547,35;548,21;543,85;548,21
28-6-2007;Null;543,66;546,02;542,76;546,02
27-6-2007;Null;540,56;542,14;538,74;539,62
26-6-2007;Null;544,54;546,15;542,88;543,26
25-6-2007;Null;545,18;548,7;543,73;548,22
22-6-2007;Null;551,82;552,62;548,1;548,75
21-6-2007;Null;550,07;551,69;547,22;550,54
20-6-2007;Null;551,83;554,96;551,31;552,14
19-6-2007;Null;550,63;552,4;549,5;550,36
18-6-2007;Null;551,27;553,06;549,76;551,27
15-6-2007;Null;546,69;552,37;546,22;551,91
14-6-2007;Null;540,94;545,34;540,49;545,34
13-6-2007;Null;532,76;537,32;530,53;536,4
12-6-2007;Null;536,81;538,65;532,54;534,11
11-6-2007;Null;537,64;538,28;536,07;537,8
8-6-2007;Null;532,27;535,99;530,8;534,69
7-6-2007;Null;539,26;540,96;533,91;535,05
6-6-2007;Null;543,93;545,01;536,89;537,51
5-6-2007;Null;546;547,82;543,59;544,75
4-6-2007;Null;543,7;545,89;543,08;545,69
1-6-2007;Null;541,01;544,27;540,67;543,93
31-5-2007;Null;538,9;541,64;538,51;540,39
30-5-2007;Null;533,38;535,4;531,31;535,01
29-5-2007;Null;538,42;538,42;535,82;537,19
28-5-2007;Null;536,3;537,78;536;537,56
25-5-2007;Null;532,62;535,89;531,65;535,48
24-5-2007;Null;538,78;540,75;535,75;535,99
23-5-2007;Null;541,03;542,07;540,3;541,61
22-5-2007;Null;538,25;541,8;536,89;540,57
21-5-2007;Null;538,4;539,74;535,73;538,38
18-5-2007;Null;531,41;538,29;531,41;536,69
17-5-2007;Null;528,88;532,27;527,93;531,53
16-5-2007;Null;530,9;531,84;526,82;527,55
15-5-2007;Null;528,03;532,94;525,65;531,39
14-5-2007;Null;533;533,72;528,73;529,89
11-5-2007;Null;525,41;532;521,1;531,2
10-5-2007;Null;535,16;535,66;528,63;529,23
9-5-2007;Null;535,4;537,09;532,96;534,3
8-5-2007;Null;539,24;539,24;535,08;535,7
7-5-2007;Null;540,05;540,32;537,32;540,03
4-5-2007;Null;536,86;540,77;536,45;539,64
3-5-2007;Null;536,56;537,13;533,04;536,12
2-5-2007;Null;532,09;534,46;529,65;532,23
30-4-2007;Null;528,36;532,47;528,36;530,81
27-4-2007;Null;533,18;534,38;529,05;530,49
26-4-2007;Null;536,88;537,81;533,47;534,04
25-4-2007;Null;535,63;536,68;532,83;535,33
24-4-2007;Null;535,25;536,36;530,64;532,56
23-4-2007;Null;538,61;538,87;534,09;535,47
20-4-2007;Null;531,19;539,08;530,93;536,36
19-4-2007;Null;525,91;529;523,75;528,66
18-4-2007;Null;531,58;532,35;528,47;531,24
17-4-2007;Null;531,43;533,59;529,21;532,68
16-4-2007;Null;528,53;532,23;527,32;532,09
13-4-2007;Null;519,8;524,21;519,72;523,68
12-4-2007;Null;520,73;521,74;516,05;518,91
11-4-2007;Null;524,15;526,81;521,43;522,1
10-4-2007;Null;519,26;525,35;519,13;524,09
5-4-2007;Null;517,26;519,31;516,17;519,29
4-4-2007;Null;517,8;517,92;515,67;517,6
3-4-2007;Null;514,68;516,04;512,49;516,04
2-4-2007;Null;510,5;513,33;509,76;512,02
30-3-2007;Null;510,54;514,46;509,11;510,5
29-3-2007;Null;507,5;511,88;507,42;511,85
28-3-2007;Null;505,9;506,72;503;505,11
27-3-2007;Null;511,65;511,98;506,71;508,21
26-3-2007;Null;514,73;515,86;507,25;508,8
23-3-2007;Null;508,85;515,33;507,35;513,84
22-3-2007;Null;507,92;511,06;505,89;509,01
21-3-2007;Null;497,94;501,93;497,93;500,89
20-3-2007;Null;494,82;498,96;490,88;498,29
19-3-2007;Null;490,05;492,44;486,97;492,44
16-3-2007;Null;482,42;485,7;480,63;482,14
15-3-2007;Null;480,24;483,39;477,13;483,39
14-3-2007;Null;476,56;478,87;473,08;473,38
13-3-2007;Null;489,98;490,29;484,38;484,38
12-3-2007;Null;493,85;494,4;488,25;489,54
9-3-2007;Null;489,04;492,02;486,16;490,35
8-3-2007;Null;486,03;489,37;484,77;489,03
7-3-2007;Null;480,28;483,52;477,51;481,9
6-3-2007;Null;479,56;479,77;476,49;478,16
5-3-2007;Null;471,16;476,77;469,85;475,59
2-3-2007;Null;484,06;486,19;477,07;480,2
1-3-2007;Null;489,58;493,71;477,49;481,96
28-2-2007;Null;491,76;496,22;490,05;490,21
27-2-2007;Null;507,4;507,4;499,01;500,33
26-2-2007;Null;511,03;512,38;510,24;511,17
23-2-2007;Null;510,56;511,45;508,73;510,61
22-2-2007;Null;510,7;512,47;509,33;509,33
21-2-2007;Null;509,84;511,25;507,35;508,78
20-2-2007;Null;509,47;509,55;504,91;508,02
19-2-2007;Null;507;510,87;507;509,22
16-2-2007;Null;507,07;508,5;505,79;506,1
15-2-2007;Null;508,67;509,18;506,18;507,77
14-2-2007;Null;508,01;508,64;506,34;508,07
13-2-2007;Null;504,07;507;504,07;506,66
12-2-2007;Null;504,63;505,5;502,5;503,77
9-2-2007;Null;507,32;508,66;507,03;507,3
8-2-2007;Null;508,35;508,71;503,81;504,78
7-2-2007;Null;507,81;509,88;507,5;509,08
6-2-2007;Null;506,21;509,35;506,21;507,4
5-2-2007;Null;506,88;506,88;505,39;506,19
2-2-2007;Null;507,23;508,39;505,91;506,78
1-2-2007;Null;505,09;507,92;504,47;505,59
31-1-2007;Null;502;502,96;499,31;499,81
30-1-2007;Null;500,01;503,57;499,13;502,83
29-1-2007;Null;499,69;501,77;498,47;500,31
26-1-2007;Null;499,65;501,61;496,62;499,8
25-1-2007;Null;506,79;508,52;502,15;503,03
24-1-2007;Null;504,44;507,01;503,26;506,55
23-1-2007;Null;503,84;504,27;498,97;502,82
22-1-2007;Null;508,4;509;502,33;503,51
19-1-2007;Null;504,5;507,19;502,75;507,12
18-1-2007;Null;506,71;508,64;504,24;505,53
17-1-2007;Null;505,88;506,05;502,47;505,26
16-1-2007;Null;505,94;506,72;504,25;504,81
15-1-2007;Null;504,88;506,11;504,75;505,38
12-1-2007;Null;499,44;503,31;499,18;502,84
11-1-2007;Null;495,5;500,32;493,22;500,16
10-1-2007;Null;493,9;494,2;490,93;492,49
9-1-2007;Null;495,04;497,97;494,36;495,87
8-1-2007;Null;495,37;495,88;491,42;492,81
5-1-2007;Null;498,39;499,21;494,04;494,05
4-1-2007;Null;498,2;500,96;497,93;500,33
3-1-2007;Null;501,48;501,8;499,85;501,35
2-1-2007;Null;497,91;501,39;497,86;501
29-12-2006;Null;496,56;497,72;495,11;495,34
28-12-2006;Null;498;499,17;496,39;497,18
27-12-2006;Null;494,46;497,78;493,47;497,78
22-12-2006;Null;493,67;494,49;490,67;490,77
21-12-2006;Null;494,01;496,62;493,8;494,62
20-12-2006;Null;495,98;496,91;495,15;495,59
19-12-2006;Null;492,44;495,14;490,4;493,43
18-12-2006;Null;494,76;496,06;494,38;494,38
15-12-2006;Null;495,18;497,4;493,66;495,11
14-12-2006;Null;490,73;494,64;490,73;493,94
13-12-2006;Null;483,46;489,6;482,81;488,79
12-12-2006;Null;479,54;482,68;479,23;482,66
11-12-2006;Null;478;481,04;478;479,69
8-12-2006;Null;476;477,9;473,05;476,53
7-12-2006;Null;475,05;479,72;474,81;476,9
6-12-2006;Null;478,36;478,36;474,88;476,44
5-12-2006;Null;475,48;478,4;472,91;477,64
4-12-2006;Null;473,75;475,18;471,25;473,75
1-12-2006;Null;478,4;480,49;470,54;473,32
30-11-2006;Null;482,77;482,95;476,75;477,67
29-11-2006;Null;481,72;482,44;479,54;481,99
28-11-2006;Null;477,5;480,43;475,4;478,49
27-11-2006;Null;484,16;485,99;478,33;478,33
24-11-2006;Null;487,08;487,7;482,1;484,91
23-11-2006;Null;490,73;490,98;486,53;488,27
22-11-2006;Null;493,26;494,41;488,45;490,31
21-11-2006;Null;491,42;494,27;491,12;491,73
20-11-2006;Null;490,95;492,61;487,42;491,7
17-11-2006;Null;495,55;496,43;490,98;492,62
16-11-2006;Null;496,58;497,63;495,51;495,99
15-11-2006;Null;496,39;496,98;495,28;496,98
14-11-2006;Null;494,57;495,35;491,89;493,69
13-11-2006;Null;493,01;495,23;491,98;494,21
10-11-2006;Null;493,23;494,05;490,89;492,96
9-11-2006;Null;496,69;498,44;492,57;493,82
8-11-2006;Null;494,74;498,45;494,37;497,51
7-11-2006;Null;494,05;496,68;494,05;496,68
6-11-2006;Null;489,87;494,21;489,52;494,06
3-11-2006;Null;484,63;490,75;484,63;487,94
2-11-2006;Null;484,79;486,74;482,4;484,04
1-11-2006;Null;485,64;488,76;485,23;486,05
31-10-2006;Null;486,81;490,67;486,04;486,57
30-10-2006;Null;485,31;488,38;484,32;487,95
27-10-2006;Null;493,18;493,95;487,6;489,99
26-10-2006;Null;495,73;495,73;492,15;492,94
25-10-2006;Null;492,39;493,72;491,63;492,71
24-10-2006;Null;491,63;493,43;491,58;492,89
23-10-2006;Null;490,56;492,99;487,71;492,3
20-10-2006;Null;491,67;493,09;487,59;489,3
19-10-2006;Null;488,34;492;487,06;490,36
18-10-2006;Null;487,61;492,57;487,61;490,11
17-10-2006;Null;492,42;492,5;486,78;487,01
16-10-2006;Null;492,75;494,14;491,32;493,39
13-10-2006;Null;494,03;494,05;491,29;492,68
12-10-2006;Null;489,42;493,18;489,42;492,84
11-10-2006;Null;488,59;490,01;486,43;490,01
10-10-2006;Null;488,07;490,21;487,69;489,8
9-10-2006;Null;484,29;487,23;484,08;487,22
6-10-2006;Null;486,22;486,7;483,73;486,21
5-10-2006;Null;487,42;488,31;485,73;486,16
4-10-2006;Null;482,65;486,24;482,32;484,4
3-10-2006;Null;480,89;481,74;478,67;481,65
2-10-2006;Null;484,92;485,83;480,5;482,9
29-9-2006;Null;482,75;485,8;482,53;483,62
28-9-2006;Null;482;484,01;481,48;482,54
27-9-2006;Null;482,32;482,97;478,99;481,9
26-9-2006;Null;476,33;481,28;475,85;480,52
25-9-2006;Null;474,52;476,85;471,78;473,82
22-9-2006;Null;474,69;476,17;471,92;472,99
21-9-2006;Null;476,22;480,59;475,92;478,05
20-9-2006;Null;470,45;477,33;470,04;476,46
19-9-2006;Null;475,11;475,21;468,76;470,32
18-9-2006;Null;475,62;476,36;473,06;474,72
15-9-2006;Null;471,84;476,43;471,84;474,85
14-9-2006;Null;471,87;474,42;470,37;471,48
13-9-2006;Null;470,82;472,03;469,85;471,14
12-9-2006;Null;463,63;469,63;460,74;468,98
11-9-2006;Null;462,09;463;460,17;462,55
8-9-2006;Null;464,67;465,99;462,93;464,47
7-9-2006;Null;464,62;465,23;462,67;463,46
6-9-2006;Null;471,68;471,92;466,17;466,74
5-9-2006;Null;473,48;473,57;468,83;471,74
4-9-2006;Null;471,7;474,4;471,7;473,58
1-9-2006;Null;469,22;473;469,15;470,93
31-8-2006;Null;471,06;471,46;468,66;469,01
30-8-2006;Null;469,42;470,99;468,37;470,14
29-8-2006;Null;468,1;470,79;467,5;467,77
28-8-2006;Null;464,52;468,1;463,57;467,78
25-8-2006;Null;464,72;466,65;464,14;465,14
24-8-2006;Null;461,91;465,94;459,46;463,74
23-8-2006;Null;463,6;464,16;460,59;461,05
22-8-2006;Null;464,75;465,38;459,99;463,82
21-8-2006;Null;463,59;464,22;461,67;462,96
18-8-2006;Null;463,03;465,42;462,76;463,92
17-8-2006;Null;463,13;463,56;461,44;463,24
16-8-2006;Null;461,99;463,84;460,11;462,85
15-8-2006;Null;454,48;462,15;454,48;461,25
14-8-2006;Null;454,38;456,05;453,71;456,05
11-8-2006;Null;450,92;454,17;450,37;451,76
10-8-2006;Null;449,23;452,65;446,38;451,55
9-8-2006;Null;452,34;454,31;447,52;453,29
8-8-2006;Null;453,58;454,18;449,23;450,2
7-8-2006;Null;451,2;452,9;449,26;451,09
4-8-2006;Null;453,5;457,62;452;455,8
3-8-2006;Null;455,52;456,03;448,28;450,65
2-8-2006;Null;451,87;455,3;450,88;455,3
1-8-2006;Null;452,93;456,6;449,18;449,96
31-7-2006;Null;455,75;457,64;453,11;454,06
28-7-2006;Null;450,48;456,22;450,34;456,22
27-7-2006;Null;448,77;452,51;448,09;452,49
26-7-2006;Null;445,54;447,22;444,56;446,38
25-7-2006;Null;447,27;447,59;442,85;444,05
24-7-2006;Null;437,51;446,49;436,81;445,92
21-7-2006;Null;436,83;438,89;435,09;436,3
20-7-2006;Null;438,88;441,25;437,31;438,72
19-7-2006;Null;429,23;437,49;428,35;437,44
18-7-2006;Null;426,31;429,98;423,98;426,8
17-7-2006;Null;429,3;429,48;422,71;427,23
14-7-2006;Null;429,78;432,91;428,09;428,33
13-7-2006;Null;438,72;438,72;432,84;434,41
12-7-2006;Null;441,2;442,91;439,68;440,43
11-7-2006;Null;441,15;441,86;437,52;438,57
10-7-2006;Null;441,19;443,3;438,61;442,58
7-7-2006;Null;441,69;442,79;438,82;440,7
6-7-2006;Null;440,18;443,13;439,52;442,91
5-7-2006;Null;441,85;443,06;438,01;439,15
4-7-2006;Null;444,38;444,38;441,6;444,38
3-7-2006;Null;440,79;443,47;440,61;443,47
30-6-2006;Null;438,23;441,54;435,84;440,25
29-6-2006;Null;427,68;432,93;426,3;432,2
28-6-2006;Null;420,98;426,41;420,19;423,81
27-6-2006;Null;429,46;429,52;421,89;422,8
26-6-2006;Null;430,3;431,39;426,64;427,23
23-6-2006;Null;430,14;431,68;427,23;429,14
22-6-2006;Null;431,13;432,35;426,88;429,26
21-6-2006;Null;426,98;427,31;420,06;426,64
20-6-2006;Null;420,49;425,19;419,18;425,18
19-6-2006;Null;422,01;426,71;422,01;423,56
16-6-2006;Null;429,14;429,64;420,52;420,52
15-6-2006;Null;415,82;423,96;415,82;423,73
14-6-2006;Null;413,84;415,17;409,56;412,98
13-6-2006;Null;414,63;416,81;410,29;412,87
12-6-2006;Null;425,79;428,4;421,72;421,72
9-6-2006;Null;426,06;427,89;423,17;426,47
8-6-2006;Null;422,56;425,47;419,64;419,64
7-6-2006;Null;429,13;433,3;425,07;432,06
6-6-2006;Null;429,79;433,39;427,02;427,88
5-6-2006;Null;439,6;439,6;434,15;436,21
2-6-2006;Null;445,05;445,98;436,76;438,9
1-6-2006;Null;439,68;442,35;435,62;441,58
31-5-2006;Null;431,7;440,66;428,98;440,41
30-5-2006;Null;446,12;446,57;434,5;434,7
29-5-2006;Null;446,11;446,4;444,33;445,79
26-5-2006;Null;444,49;446,28;440,48;446,28
25-5-2006;Null;436,66;440,68;432,49;440,28
24-5-2006;Null;436,59;438,04;430,44;435,84
23-5-2006;Null;431,65;442,31;431,48;439,58
22-5-2006;Null;434,75;436,38;426,18;428,78
19-5-2006;Null;436,18;440,6;436,18;438,98
18-5-2006;Null;437,41;441,41;432,01;437,1
17-5-2006;Null;452,61;453,34;436,47;436,47
16-5-2006;Null;450,65;453,46;448,02;451,08
15-5-2006;Null;451,98;453,49;446,79;450,09
12-5-2006;Null;464,12;464,21;455,09;455,09
11-5-2006;Null;470,34;473,32;466,88;466,88
10-5-2006;Null;470,96;472,54;469,07;469,07
9-5-2006;Null;473,44;473,52;471,09;473,52
8-5-2006;Null;473,15;474,26;472,08;472,67
5-5-2006;Null;467,37;471,72;466,61;471,72
4-5-2006;Null;465,11;467,01;463,34;466,59
3-5-2006;Null;473,24;473,75;463,76;464,64
2-5-2006;Null;467,67;470,23;467,56;470,13
28-4-2006;Null;473,27;473,34;468,44;469,4
27-4-2006;Null;476,28;476,52;470,33;474,44
26-4-2006;Null;475,36;477,93;475,36;477,47
25-4-2006;Null;475,79;478,44;475,13;476,04
24-4-2006;Null;475,92;477,05;475,36;475,64
21-4-2006;Null;474,05;478,22;473,8;478
20-4-2006;Null;470,81;474,68;470,48;472,64
19-4-2006;Null;467,4;469,02;466,38;468,86
18-4-2006;Null;462,2;462,89;460,09;462,73
13-4-2006;Null;463,42;464,44;461,36;462,76
12-4-2006;Null;463,01;464,91;461,19;463,62
11-4-2006;Null;470,23;470,6;463,39;464,14
10-4-2006;Null;468,22;470,67;467,48;470,66
7-4-2006;Null;470,23;472,93;468,19;468,68
6-4-2006;Null;470,47;471,18;468,34;469,6
5-4-2006;Null;470,03;470,52;464,64;468,53
4-4-2006;Null;470,28;470,45;467,95;467,95
3-4-2006;Null;471,45;471,45;468,92;471,33
31-3-2006;Null;470,74;471,53;468,54;468,69
30-3-2006;Null;471,47;472,88;469,42;472,58
29-3-2006;Null;467,43;469,07;466,49;468,99
28-3-2006;Null;469,96;472;466,37;467,75
27-3-2006;Null;472,11;473,13;469,47;469,76
24-3-2006;Null;471,24;473,02;470,57;472,07
23-3-2006;Null;470,47;471,71;469,3;470,75
22-3-2006;Null;465,22;469,29;464,72;469,03
21-3-2006;Null;466,6;467,08;463,18;467,08
20-3-2006;Null;466,28;467,56;465,39;466,53
17-3-2006;Null;464,77;467,55;462,46;464,05
16-3-2006;Null;464,36;465;462,73;464,17
15-3-2006;Null;464,63;465,37;463,54;464,5
14-3-2006;Null;461,02;462,93;460,4;462,58
13-3-2006;Null;460,76;462,33;460,35;461,67
10-3-2006;Null;453,18;458,59;452,4;458,59
9-3-2006;Null;454,76;455,31;452,71;454,42
8-3-2006;Null;454,7;455,29;449,15;451,38
7-3-2006;Null;455,17;455,69;452,68;455,17
6-3-2006;Null;458,3;458,68;456,42;457,86
3-3-2006;Null;457,16;459,02;452,57;455,25
2-3-2006;Null;462,57;463,99;455,04;457,26
1-3-2006;Null;459,89;462,22;459,12;461,7
28-2-2006;Null;466,51;467,01;458,19;458,72
27-2-2006;Null;465,29;467,53;465,29;467,53
24-2-2006;Null;464,69;466,03;463,39;464,57
23-2-2006;Null;466,29;467,15;463,26;464,59
22-2-2006;Null;463,31;466,26;461,63;466,02
21-2-2006;Null;465,49;467,12;463,16;464,32
20-2-2006;Null;463,66;464,91;463,13;464,64
17-2-2006;Null;462,11;464,69;461,51;463,6
16-2-2006;Null;462,16;462,27;459,94;461,66
15-2-2006;Null;460,75;462,13;459,37;460,56
14-2-2006;Null;460,22;461,05;457,94;460,04
13-2-2006;Null;456,65;459,48;455,45;459,48
10-2-2006;Null;457,02;460,39;455,29;456,26
9-2-2006;Null;455,47;458,02;454,99;457,87
8-2-2006;Null;449,27;453,46;448,66;452,62
7-2-2006;Null;455,47;455,59;451,06;453,03
6-2-2006;Null;453,32;455,1;451,62;452,52
3-2-2006;Null;450,82;453,71;449,11;451,27
2-2-2006;Null;456,19;457,46;450,41;Null
1-2-2006;Null;449,86;456,17;449,13;455,7
31-1-2006;Null;452,35;454,46;449,77;Null
30-1-2006;Null;449,43;451,87;447,77;Null
27-1-2006;Null;446,95;449,73;445,63;449,67
26-1-2006;Null;438,07;443,63;437,81;443,63
25-1-2006;Null;433,26;436,46;432,57;436,46
24-1-2006;Null;432,33;433,4;429,7;431,51
23-1-2006;Null;428,16;432,38;427,9;431,88
20-1-2006;Null;437,42;438,4;431,97;432,2
19-1-2006;Null;436,42;437,66;435,93;Null
18-1-2006;Null;432,62;436,35;431,74;434,21
17-1-2006;Null;439,57;439,8;437,92;Null
16-1-2006;Null;441,03;442,97;439,55;441,99
13-1-2006;Null;445,51;445,69;440,23;441,37
12-1-2006;Null;446,95;447,69;445,42;447,4
11-1-2006;Null;445,76;447,47;445,08;446,31
10-1-2006;Null;447,7;447,7;443,72;Null
9-1-2006;Null;447,47;448,61;447,03;447,88
6-1-2006;Null;443,37;446,11;442,98;446,11
5-1-2006;Null;444,99;445,12;442,39;443,13
4-1-2006;Null;445,64;446,72;443,18;445
3-1-2006;Null;441,37;445,79;439,94;441,93
2-1-2006;Null;437,56;440,65;437,56;440,52
30-12-2005;Null;440,3;440,45;436,45;436,78
29-12-2005;Null;440,09;441,26;439,96;440,87
28-12-2005;Null;439,06;440,74;438,72;439,1
27-12-2005;Null;439,72;441,11;439,49;440,32
23-12-2005;Null;438,99;440,29;438,44;439,16
22-12-2005;Null;438,06;439,26;437,9;438,45
21-12-2005;Null;435,94;439,41;435,86;438,99
20-12-2005;Null;434,23;435,61;433,27;435,46
19-12-2005;Null;435,39;436,97;434,72;Null
16-12-2005;Null;432,49;436,73;432,49;436,17
15-12-2005;Null;432,31;432,94;430,99;432,08
14-12-2005;Null;433,66;434,55;430,23;430,95
13-12-2005;Null;432,85;434,13;432,38;433,17
12-12-2005;Null;432,86;434,49;431,87;432,8
9-12-2005;Null;431,4;433,3;430,03;431,13
8-12-2005;Null;429,68;432,23;428,84;432,23
7-12-2005;Null;433,16;436,38;430,95;431,52
6-12-2005;Null;429,41;433,58;428,95;432,67
5-12-2005;Null;429,85;430,78;427,82;428,85
2-12-2005;Null;427,99;430,09;426,41;429,48
1-12-2005;Null;419,72;426,5;419,72;426,17
30-11-2005;Null;419,85;420,63;418,45;418,79
29-11-2005;Null;417,46;421,56;416,17;420,33
28-11-2005;Null;419,68;422,06;417,23;417,63
25-11-2005;Null;418,06;418,86;417,42;418,3
24-11-2005;Null;419,52;420,11;416,33;417,84
23-11-2005;Null;419,85;420,08;417,88;419,79
22-11-2005;Null;418,04;418,7;416,93;418,52
21-11-2005;Null;417,48;418,52;415,99;417,55
18-11-2005;Null;415,73;417,66;415,32;416,24
17-11-2005;Null;411,85;414,64;411,85;413,24
16-11-2005;Null;411,9;412,5;409,49;410,77
15-11-2005;Null;411,98;413,64;411,14;412,61
14-11-2005;Null;410,09;413,94;409,73;412,03
11-11-2005;Null;409,52;411,06;408,38;410,82
10-11-2005;Null;406,3;407,58;405,4;406,3
9-11-2005;Null;403,44;404,71;401,94;403,89
8-11-2005;Null;401,68;403,62;401,45;402,8
7-11-2005;Null;399,14;402,14;398,5;401,14
4-11-2005;Null;399,64;400,7;398,7;399,53
3-11-2005;Null;397,53;400,34;396,53;399,91
2-11-2005;Null;394,03;397,12;393,45;397,12
1-11-2005;Null;394,28;396,17;393,28;394,62
31-10-2005;Null;390,52;394,41;390,25;394,16
28-10-2005;Null;384,8;387,08;383,31;Null
27-10-2005;Null;388,9;389,88;385,46;386,09
26-10-2005;Null;388,85;391,2;388,73;390,71
25-10-2005;Null;391,41;391,56;387,79;388,68
24-10-2005;Null;386,66;389,93;386,3;389,73
21-10-2005;Null;386,36;389,54;384,86;386,08
20-10-2005;Null;392,56;392,6;388,32;389,06
19-10-2005;Null;390,93;391,47;387,06;387,06
18-10-2005;Null;395,95;395,95;393,3;393,92
17-10-2005;Null;395,93;396,45;393,68;394,31
14-10-2005;Null;392,14;395,01;391,04;394,31
13-10-2005;Null;392,71;393,98;389,77;391,37
12-10-2005;Null;396,43;396,43;393,58;393,7
11-10-2005;Null;398,43;400,19;397,43;397,9
10-10-2005;Null;399,89;400,63;397,9;398,27
7-10-2005;Null;398,23;400,59;397,59;398,66
6-10-2005;Null;401,35;401,43;398,42;399,89
5-10-2005;Null;405,69;407,37;404,96;404,96
4-10-2005;Null;407,65;408,9;405,85;408,66
3-10-2005;Null;405,41;407,84;404,35;407,84
30-9-2005;Null;403,44;404,09;402,19;402,99
29-9-2005;Null;402,34;402,42;399,74;400,41
28-9-2005;Null;399,61;402,13;399,61;401,99
27-9-2005;Null;399,29;400,16;397,41;398,13
26-9-2005;Null;396,69;399,69;396,69;399,37
23-9-2005;Null;393,93;394,61;393,23;394,33
22-9-2005;Null;395,55;395,55;392,53;393,61
21-9-2005;Null;398,9;400,17;396,48;396,48
20-9-2005;Null;400,01;401,85;400,01;401,41
19-9-2005;Null;399,16;400,6;396,49;399,16
16-9-2005;Null;394,67;399,14;394,67;398,1
15-9-2005;Null;393,86;396,02;393,06;394,92
14-9-2005;Null;393,33;394,58;393,21;393,9
13-9-2005;Null;395,83;396,09;393,07;393,3
12-9-2005;Null;396,63;397,12;395,23;395,7
9-9-2005;Null;394,53;396,11;394,17;394,91
8-9-2005;Null;394,62;395,1;393,11;393,92
7-9-2005;Null;394,71;395,73;393,52;394,3
6-9-2005;Null;391,55;394,72;391,55;394,15
5-9-2005;Null;388,97;391,46;388,95;391,46
2-9-2005;Null;390,35;391,2;388,06;389,31
1-9-2005;Null;390,7;391,89;389,36;389,88
31-8-2005;Null;386,22;390,19;386,04;389,6
30-8-2005;Null;387,11;388,12;385,89;386,08
29-8-2005;Null;382,57;385,74;382,16;385,65
26-8-2005;Null;386,65;388,46;384,88;385,15
25-8-2005;Null;388,07;388,07;385,96;386,93
24-8-2005;Null;390,75;390,83;387,44;389,86
23-8-2005;Null;393,63;393,63;391,62;391,73
22-8-2005;Null;394,88;395,77;393,87;394,67
19-8-2005;Null;391,35;393,99;390,87;393,97
18-8-2005;Null;393,22;393,86;390,36;391,38
17-8-2005;Null;393,33;394,18;391,5;393,53
16-8-2005;Null;396,93;397,29;393,61;394,64
15-8-2005;Null;395,37;396,8;394,92;395,66
12-8-2005;Null;399,85;399,9;395,81;396,06
11-8-2005;Null;399,71;401,63;398,58;400,15
10-8-2005;Null;396,65;401,77;396,65;401,57
9-8-2005;Null;391,93;395,92;391,78;395,88
8-8-2005;Null;392,15;392,79;390,7;391,43
5-8-2005;Null;393,12;394;391,31;391,31
4-8-2005;Null;397,32;397,38;394,17;394,68
3-8-2005;Null;396,86;397,99;395,85;396,92
2-8-2005;Null;396,51;397,99;396,18;397,98
1-8-2005;Null;396,21;397,31;395,45;396,96
29-7-2005;Null;395,86;397,53;394,86;395,77
28-7-2005;Null;395,49;396,4;394,21;394,97
27-7-2005;Null;396,35;397,01;394,63;395,1
26-7-2005;Null;393,89;396,49;393,21;395,55
25-7-2005;Null;395,98;396,02;393,78;394,54
22-7-2005;Null;395,43;396,74;393,32;394,3
21-7-2005;Null;397,28;399,02;393,96;395,93
20-7-2005;Null;396,89;398,4;393,91;395,58
19-7-2005;Null;393,46;397,93;393,44;396,96
18-7-2005;Null;392,68;395,23;392,21;392,88
15-7-2005;Null;393,42;394,75;392,53;393,68
14-7-2005;Null;392,52;395,33;392,43;393,72
13-7-2005;Null;389,76;391,91;389,7;391,91
12-7-2005;Null;390,66;391;388,1;389,35
11-7-2005;Null;389,93;391,64;389,73;390,93
8-7-2005;Null;387,58;388,66;386,46;388,6
7-7-2005;Null;389,19;389,27;375,16;383,8
6-7-2005;Null;390,51;391,44;389,44;390,33
5-7-2005;Null;389,75;390,17;386,68;389,11
4-7-2005;Null;388,09;390;387,55;389,84
1-7-2005;Null;382,85;388,26;382,72;388,26
30-6-2005;Null;383,09;385,44;382,48;383,83
29-6-2005;Null;382,91;384,55;381,69;383,34
28-6-2005;Null;377,91;381,84;377,77;381,84
27-6-2005;Null;378,16;378,2;375,77;377,27
24-6-2005;Null;379,77;380,77;379,27;379,97
23-6-2005;Null;383,16;383,97;381,5;383,2
22-6-2005;Null;381,49;384,18;381;382,36
21-6-2005;Null;380,08;381,59;379,74;381,39
20-6-2005;Null;380,22;380,3;377,29;379,05
17-6-2005;Null;379,47;382,31;378,93;380,27
16-6-2005;Null;377,57;379,83;377,57;378,95
15-6-2005;Null;377,95;378,95;375,2;375,82
14-6-2005;Null;376,71;377,69;376,02;377,69
13-6-2005;Null;375,68;377,58;375,22;377,45
10-6-2005;Null;374,57;377,13;374,57;376,09
9-6-2005;Null;372,27;373,38;370,98;373,35
8-6-2005;Null;371,96;373,29;371,42;372,8
7-6-2005;Null;369,92;373;369,84;372,46
6-6-2005;Null;371,24;371,7;368,06;368,77
3-6-2005;Null;372,61;373,39;370,49;371,52
2-6-2005;Null;371,18;372,6;370,66;372,4
1-6-2005;Null;365,78;371,52;365,52;371,52
31-5-2005;Null;368,56;368,56;364,68;364,68
30-5-2005;Null;367,06;368,46;365,89;368,42
27-5-2005;Null;367,74;368,39;366,06;366,94
26-5-2005;Null;366,42;369,67;366,27;368,26
25-5-2005;Null;365,05;366,47;364,45;366,04
24-5-2005;Null;365,96;366,26;363,77;365,1
23-5-2005;Null;365,23;366,07;364,38;366,07
20-5-2005;Null;363,34;365,21;362,48;363,88
19-5-2005;Null;361,56;363,57;361,54;363,21
18-5-2005;Null;357,15;360,99;356,87;360,99
17-5-2005;Null;356,08;356,1;354,39;355,35
16-5-2005;Null;355,12;355,58;353,94;354,84
13-5-2005;Null;354,15;355,51;353,35;355,51
12-5-2005;Null;353,89;355,57;353,89;354,92
11-5-2005;Null;353,6;355,11;352,43;352,78
10-5-2005;Null;356,66;357,37;353,42;354,04
9-5-2005;Null;356,71;356,74;354,95;355,93
6-5-2005;Null;356,52;357,02;353,92;356,65
5-5-2005;Null;352,7;355,41;352,44;354,78
4-5-2005;Null;349,78;351,2;348,51;351,18
3-5-2005;Null;349,57;349,88;347,8;349,08
2-5-2005;Null;348,7;351,09;348,37;348,37
29-4-2005;Null;346,01;349,7;345,92;348,2
28-4-2005;Null;350,92;351,27;345,55;346,95
27-4-2005;Null;355,73;355,73;349,37;350,53
26-4-2005;Null;357,28;357,54;355,09;Null
25-4-2005;Null;355,33;357,47;354,23;357,1
22-4-2005;Null;356,68;357,08;355,13;356,18
21-4-2005;Null;352,07;355,16;352,04;353,26
20-4-2005;Null;358,1;358,54;353,51;353,89
19-4-2005;Null;357,41;357,97;355,76;356,65
18-4-2005;Null;356,93;358,6;355,39;355,88
15-4-2005;Null;365,81;366,56;364,25;364,26
14-4-2005;Null;368,63;370,11;368,24;368,9
13-4-2005;Null;371,14;372,43;370,44;370,68
12-4-2005;Null;372,8;372,86;369,27;370,31
11-4-2005;Null;372,2;373,37;371,86;372,33
8-4-2005;Null;373,71;374,26;373,05;373,61
7-4-2005;Null;370,61;373,22;370,61;372,79
6-4-2005;Null;369,61;371,17;369,61;371,17
5-4-2005;Null;368,71;369,38;368,03;369,07
4-4-2005;Null;368,65;368,65;365,22;366,91
1-4-2005;Null;370,09;371,44;368,2;368,2
31-3-2005;Null;371,37;371,48;369,43;369,56
30-3-2005;Null;368,34;369,91;368,15;Null
29-3-2005;Null;370,09;371,68;368,87;371,47
24-3-2005;Null;369,21;372,45;368,84;371,62
23-3-2005;Null;366,77;369,13;366,59;369,06
22-3-2005;Null;369,92;370,11;367,2;369,67
21-3-2005;Null;369,59;370,99;368,95;369,06
18-3-2005;Null;368,79;370,63;366,5;369,84
17-3-2005;Null;368,19;369,19;367,37;368,36
16-3-2005;Null;373,16;373,19;368,23;368,37
15-3-2005;Null;372,7;374,03;372,62;373,88
14-3-2005;Null;371,47;372,55;370,84;372,16
11-3-2005;Null;374,24;374,58;372,01;372,15
10-3-2005;Null;373,52;374,44;372,6;372,6
9-3-2005;Null;377,82;379,07;375,59;376,32
8-3-2005;Null;378,87;379,03;377,03;377,68
7-3-2005;Null;379,16;380,19;378,89;379,76
4-3-2005;Null;376,91;378,65;376,08;378,65
3-3-2005;Null;374,52;376,9;374,49;376,16
2-3-2005;Null;375,88;376,27;374,24;376,27
1-3-2005;Null;373,51;376,19;373,45;375,71
28-2-2005;Null;375,75;377,02;374,37;374,37
25-2-2005;Null;372,4;374,65;372,4;374,56
24-2-2005;Null;370,87;371,2;369,91;370,29
23-2-2005;Null;369,58;371,08;368,67;370,68
22-2-2005;Null;373,71;374,43;370,41;373,13
21-2-2005;Null;375,95;376,14;373,9;374,99
18-2-2005;Null;373,43;375,84;373,37;375,47
17-2-2005;Null;373,11;375,33;372,91;373,98
16-2-2005;Null;373,65;373,65;370,91;372,52
15-2-2005;Null;371,74;374,34;371,61;373,81
14-2-2005;Null;370,99;371,93;370,72;371,8
11-2-2005;Null;368,79;371,05;368,15;371,05
10-2-2005;Null;368,13;368,93;367,06;367,48
9-2-2005;Null;368,93;369,94;367,52;368,36
8-2-2005;Null;368,76;369,29;367,67;369,1
7-2-2005;Null;369,09;369,59;367,83;369,13
4-2-2005;Null;364,37;367,68;364,37;367,32
3-2-2005;Null;364,27;365,48;363,53;364,83
2-2-2005;Null;365,15;365,92;364,24;365,46
1-2-2005;Null;360,72;364,41;360,08;364,41
31-1-2005;Null;358,37;360,42;358,37;360,42
28-1-2005;Null;358,85;359,48;356,57;357,02
27-1-2005;Null;357,98;358,57;356,62;358,57
26-1-2005;Null;357,02;357,51;356,13;356,51
25-1-2005;Null;352,88;356,51;352,84;356,36
24-1-2005;Null;352,23;353,76;351,42;353,56
21-1-2005;Null;352,41;353,99;351,99;353,55
20-1-2005;Null;352,27;353,2;351,2;352,75
19-1-2005;Null;354,38;355,89;353,67;353,94
18-1-2005;Null;354,66;354,7;352,52;354,22
17-1-2005;Null;353,32;354,57;353,32;354,24
14-1-2005;Null;349,62;352,97;349,45;352,73
13-1-2005;Null;352,06;352,53;349,76;Null
12-1-2005;Null;352,52;353,14;349,03;350,1
11-1-2005;Null;354,9;355,6;351,66;352,38
10-1-2005;Null;354,38;355,39;353,39;355,13
7-1-2005;Null;352,92;355,05;352,23;354,46
6-1-2005;Null;350,25;353,64;350,17;353,6
5-1-2005;Null;350,35;352,01;349,96;350,16
4-1-2005;Null;350,71;353,72;350,66;352,68
3-1-2005;Null;348,22;351,91;347,7;351,91
31-12-2004;Null;347,3;348,08;346,98;348,08
30-12-2004;Null;347,25;347,92;347,11;347,27
29-12-2004;Null;348,49;348,65;346,42;347,32
28-12-2004;Null;347,63;348,41;346,9;348,41
27-12-2004;Null;347,53;348,86;347,53;347,81
24-12-2004;Null;348,4;348,4;347,21;348,07
23-12-2004;Null;346,7;348,7;346,44;348,33
22-12-2004;Null;345,85;347;345,19;346,81
21-12-2004;Null;343,61;344,46;343,07;344
20-12-2004;Null;343,24;345,58;343,24;343,42
17-12-2004;Null;346,66;346,79;342,55;343,49
16-12-2004;Null;345,18;346,51;345,18;346,43
15-12-2004;Null;346,03;346,21;344,44;344,51
14-12-2004;Null;346,3;346,67;344,95;346,17
13-12-2004;Null;342,67;345,37;342,58;345,31
10-12-2004;Null;341,26;342,26;340,51;341,8
9-12-2004;Null;342,59;343,16;339,18;340,13
8-12-2004;Null;341,28;343,78;340,79;343,31
7-12-2004;Null;342,35;344,69;341,96;343,37
6-12-2004;Null;342,12;342,55;340,66;342,23
3-12-2004;Null;345,82;345,97;342,29;343,48
2-12-2004;Null;343,13;345,18;342,13;344,45
1-12-2004;Null;337,01;342,75;336,28;342,75
30-11-2004;Null;339,98;340,43;336,63;337,15
29-11-2004;Null;340,25;343,03;339,6;339,6
26-11-2004;Null;339,13;340,37;338,15;340,2
25-11-2004;Null;337,98;340,45;337,87;340,21
24-11-2004;Null;338,92;339,01;336,59;337,27
23-11-2004;Null;339,39;339,77;336,67;Null
22-11-2004;Null;337,73;337,73;335,28;337,45
19-11-2004;Null;341,75;343,29;338,99;339,44
18-11-2004;Null;341,18;342,14;340,45;Null
17-11-2004;Null;339,82;342,22;338,58;342,22
16-11-2004;Null;342,74;343;338,8;Null
15-11-2004;Null;344,8;345,9;342,22;342,48
12-11-2004;Null;343,75;344,38;342,95;343,61
11-11-2004;Null;338,76;342,37;337,36;342,37
10-11-2004;Null;337,33;338,99;337,33;338,43
9-11-2004;Null;337,34;337,93;336,03;336,58
8-11-2004;Null;336,86;337,46;335,69;337
5-11-2004;Null;336,55;338,78;335,53;336,36
4-11-2004;Null;335,51;335,51;331,98;333,56
3-11-2004;Null;336,4;337,11;334,9;335,57
2-11-2004;Null;331,9;334,28;331,06;334,28
1-11-2004;Null;328,95;332,2;328,95;331,16
29-10-2004;Null;329,78;332,32;329,55;330,48
28-10-2004;Null;329,8;331,49;329,45;330,62
27-10-2004;Null;325,15;327,72;323,64;327,72
26-10-2004;Null;322,91;323,49;321,48;323,12
25-10-2004;Null;322,59;322,64;320,37;322,03
22-10-2004;Null;326,82;329,01;325,78;327,03
21-10-2004;Null;326,34;327,17;322,99;326,65
20-10-2004;Null;326,62;327,39;324,06;325,51
19-10-2004;Null;329,43;331,59;329,43;330,15
18-10-2004;Null;328,69;328,85;325,97;326,65
15-10-2004;Null;325,89;328,16;325,62;327,94
14-10-2004;Null;329,13;330,21;328,06;328,73
13-10-2004;Null;331,33;333,27;330,86;331,53
12-10-2004;Null;334,07;334,07;328,05;329,97
11-10-2004;Null;334,52;334,74;332,51;334,43
8-10-2004;Null;336,12;338,67;334,01;334,91
7-10-2004;Null;338,34;339,35;336,98;337,68
6-10-2004;Null;336,14;337,51;335,06;336,95
5-10-2004;Null;335,1;338,26;334,06;336,1
4-10-2004;Null;332,55;335,79;332,55;335,19
1-10-2004;Null;324,58;330,87;324,58;330,87
30-9-2004;Null;327,12;327,83;323,64;323,94
29-9-2004;Null;324,16;326,76;324,16;325,3
28-9-2004;Null;322,59;325,07;321,86;324,26
27-9-2004;Null;325,19;325,21;322,54;323,47
24-9-2004;Null;326,22;326,77;324,01;325,91
23-9-2004;Null;328,03;328,8;325,02;Null
22-9-2004;Null;333,89;334,57;329,1;Null
21-9-2004;Null;332,12;334,36;331,74;Null
20-9-2004;Null;333,05;333,23;329,93;Null
17-9-2004;Null;331,66;335,87;330,75;Null
16-9-2004;Null;331,89;332,88;330,66;Null
15-9-2004;Null;333,2;334,86;331,34;Null
14-9-2004;Null;333,86;333,86;332,41;Null
13-9-2004;Null;330,61;334,19;330,61;Null
10-9-2004;Null;328,61;330,43;328,42;Null
9-9-2004;Null;329,9;329,94;326,81;Null
8-9-2004;Null;332,05;332,69;330,72;Null
7-9-2004;Null;330,43;332,15;329,82;Null
6-9-2004;Null;329,14;330,98;329,13;Null
3-9-2004;Null;326,03;329,59;325,66;Null
2-9-2004;Null;325,41;327,04;324,09;Null
1-9-2004;Null;324,84;326,42;324,32;Null
31-8-2004;Null;324,45;325;322,95;Null
30-8-2004;Null;326,41;326,62;324,99;Null
27-8-2004;Null;324,82;326,89;324,11;Null
26-8-2004;Null;324,34;324,87;322,99;Null
25-8-2004;Null;322,54;323,62;320,33;Null
24-8-2004;Null;321,33;323,23;320,81;Null
23-8-2004;Null;319,3;321,72;317,81;Null
20-8-2004;Null;316,7;316,96;314,86;Null
19-8-2004;Null;318,84;319,42;316,26;Null
18-8-2004;Null;315,86;316,97;313,61;Null
17-8-2004;Null;314,24;317,38;313,01;Null
16-8-2004;Null;309,21;314,37;307,31;Null
13-8-2004;Null;309,7;312,07;308,12;Null
12-8-2004;Null;314,37;315,12;310,03;Null
11-8-2004;Null;317,08;317,21;310,59;Null
10-8-2004;Null;312,83;316,44;312,39;Null
9-8-2004;Null;316,02;316,53;311,1;Null
6-8-2004;Null;321,89;321,95;315,74;Null
5-8-2004;Null;326,37;327,62;325,66;Null
4-8-2004;Null;325,17;325,17;322,06;Null
3-8-2004;Null;326,63;327,72;326,02;Null
2-8-2004;Null;328,64;328,64;325,44;Null
30-7-2004;Null;330,79;330,79;327,04;Null
29-7-2004;Null;324,87;330,75;324,87;Null
28-7-2004;Null;325,45;326,98;322,81;Null
27-7-2004;Null;321,52;324,72;321,31;Null
26-7-2004;Null;324,02;326,52;320,72;Null
23-7-2004;Null;326,8;326,99;324,08;Null
22-7-2004;Null;327,55;327,89;324,74;Null
21-7-2004;Null;330,34;333,22;330,34;Null
20-7-2004;Null;326,11;328,14;323,51;Null
19-7-2004;Null;329,41;329,41;326,36;Null
16-7-2004;Null;328,76;331,44;328,61;Null
15-7-2004;Null;331,78;332,34;328,18;Null
14-7-2004;Null;332,25;333,21;329,32;Null
13-7-2004;Null;335,61;335,61;333,62;Null
12-7-2004;Null;335,76;337,1;333,42;Null
9-7-2004;Null;333,76;336,24;333,08;Null
8-7-2004;Null;333,9;335,82;332,37;Null
7-7-2004;Null;336,44;336,89;334,4;Null
6-7-2004;Null;340,69;340,69;334,94;Null
5-7-2004;Null;341,09;341,84;339,26;Null
2-7-2004;Null;344,05;344,75;340,76;Null
1-7-2004;Null;346,8;348,73;343,79;Null
30-6-2004;Null;347,04;347,67;345,13;Null
29-6-2004;Null;344,9;346,36;344,58;Null
28-6-2004;Null;342,66;348,07;342,51;Null
25-6-2004;Null;342,42;344,05;342,1;Null
24-6-2004;Null;343,4;344,76;342,38;Null
23-6-2004;Null;341,21;342,15;339,98;Null
22-6-2004;Null;342,59;343,43;338,86;Null
21-6-2004;Null;344,78;345,16;342,79;Null
18-6-2004;Null;341,15;343,69;340,88;Null
17-6-2004;Null;341,83;343,94;341,5;Null
16-6-2004;Null;340,42;342,68;340,1;Null
15-6-2004;Null;336,7;340,23;336,21;Null
14-6-2004;Null;340,31;340,45;335,53;Null
11-6-2004;Null;341,93;342,17;340,09;Null
10-6-2004;Null;341,72;342,67;340,71;Null
9-6-2004;Null;343,18;344,36;341,49;Null
8-6-2004;Null;344,26;344,26;341,22;Null
7-6-2004;Null;341,62;343,28;341,26;Null
4-6-2004;Null;337,04;339,46;336,55;Null
3-6-2004;Null;334,3;336,57;333,3;Null
2-6-2004;Null;334,29;336,78;333,24;Null
1-6-2004;Null;337,86;337,89;331,88;Null
31-5-2004;Null;336,5;337,34;336,05;Null
28-5-2004;Null;338,07;339,35;335,62;Null
27-5-2004;Null;335,5;339,46;335,5;Null
26-5-2004;Null;336,63;336,93;333,57;Null
25-5-2004;Null;332,13;332,63;329,72;Null
24-5-2004;Null;330,94;336,42;330,94;Null
21-5-2004;Null;331,64;332,75;328,47;Null
20-5-2004;Null;330,12;330,98;328,61;Null
19-5-2004;Null;329,42;333,79;329,26;Null
18-5-2004;Null;324,18;327,1;323,83;Null
17-5-2004;Null;322,75;323,48;319,11;Null
14-5-2004;Null;328,63;330,22;325,49;Null
13-5-2004;Null;328,44;330,87;327,14;Null
12-5-2004;Null;333,28;333,28;325,36;Null
11-5-2004;Null;331,42;333,79;331,06;Null
10-5-2004;Null;331,92;332,92;328,43;Null
7-5-2004;Null;338,59;339,34;333,64;Null
6-5-2004;Null;345,4;345,51;338,14;Null
5-5-2004;Null;342,31;346,33;341,82;Null
4-5-2004;Null;343,71;344,14;340,67;Null
3-5-2004;Null;338,56;343,82;338,42;Null
30-4-2004;Null;340,88;343,36;340,8;Null
29-4-2004;Null;346,13;347,37;341,82;Null
28-4-2004;Null;352,05;352,31;347,24;347,92
27-4-2004;Null;353,99;355,25;352,69;Null
26-4-2004;Null;354,57;357,73;354,53;Null
23-4-2004;Null;357,64;358,49;356,21;Null
22-4-2004;Null;354,92;355,38;351,66;Null
21-4-2004;Null;352,86;355,16;352,16;Null
20-4-2004;Null;354,78;357,76;354,09;Null
19-4-2004;Null;352,04;353,39;350,02;Null
16-4-2004;Null;349,69;353,39;349,69;Null
15-4-2004;Null;349,08;351,92;347,99;Null
14-4-2004;Null;350,8;351,23;345,95;Null
13-4-2004;Null;353,28;354,93;352,25;Null
8-4-2004;Null;352,02;353,74;350,39;Null
7-4-2004;Null;350,26;352,52;349,27;Null
6-4-2004;Null;353,84;353,84;349,44;Null
5-4-2004;Null;352,1;353,92;349,81;Null
2-4-2004;Null;343,08;350,94;342,72;Null
1-4-2004;Null;340,79;343,51;338,37;Null
31-3-2004;Null;340,81;342,64;337,85;Null
30-3-2004;Null;341,21;341,21;336,83;Null
29-3-2004;Null;336,63;341,21;335,54;Null
26-3-2004;Null;337,02;337,44;333,39;Null
25-3-2004;Null;329,01;334,53;328,84;Null
24-3-2004;Null;329,96;331,84;323,37;Null
23-3-2004;Null;327,44;332,01;327,44;Null
22-3-2004;Null;332,6;332,6;325,73;Null
19-3-2004;Null;339,69;339,69;333,15;Null
18-3-2004;Null;345,81;345,83;336,32;Null
17-3-2004;Null;339,85;345,18;339,85;Null
16-3-2004;Null;336,29;339,02;332,96;Null
15-3-2004;Null;346,49;346,49;336,9;Null
12-3-2004;Null;340;346,21;338,99;Null
11-3-2004;Null;350,19;350,68;343,29;Null
10-3-2004;Null;353,61;355,11;352,95;Null
9-3-2004;Null;358,25;358,62;354,57;Null
8-3-2004;Null;361,13;361,5;359,77;Null
5-3-2004;Null;361,8;362,67;357,66;Null
4-3-2004;Null;360,9;361,59;358,99;Null
3-3-2004;Null;361,34;362,18;359,07;Null
2-3-2004;Null;360,35;362,23;358,94;Null
1-3-2004;Null;357,74;359,36;356,03;Null
27-2-2004;Null;358,34;360,18;356,59;Null
26-2-2004;Null;357,4;357,78;354,78;Null
25-2-2004;Null;354,92;356,16;352,54;Null
24-2-2004;Null;358,42;359,53;352,68;Null
23-2-2004;Null;363,05;364,46;359,93;Null
20-2-2004;Null;363,59;365,48;361,1;Null
19-2-2004;Null;361,91;365,93;361,18;Null
18-2-2004;Null;363,2;363,2;360,33;Null
17-2-2004;Null;357,91;361,65;357,91;Null
16-2-2004;Null;355,63;357,93;355,61;Null
13-2-2004;Null;358,07;359,58;354,76;Null
12-2-2004;Null;358,58;360,4;356,91;Null
11-2-2004;Null;356,26;357,99;355,71;Null
10-2-2004;Null;355,72;356,06;353,74;Null
9-2-2004;Null;352,61;355,94;352,5;Null
6-2-2004;Null;351,45;353,2;349,6;Null
5-2-2004;Null;347,93;352,15;347,88;Null
4-2-2004;Null;350,61;351,46;348,61;Null
3-2-2004;Null;355,4;355,64;350,57;Null
2-2-2004;Null;354,51;355,82;352,39;Null
30-1-2004;Null;355,35;356,66;352,67;Null
29-1-2004;Null;355,86;357,23;353,9;Null
28-1-2004;Null;356,9;359,94;355,21;Null
27-1-2004;Null;359,45;360,85;356,96;Null
26-1-2004;Null;357,13;357,31;354,31;Null
23-1-2004;Null;357,63;358,46;356,19;Null
22-1-2004;Null;359,64;360,3;356,3;Null
21-1-2004;Null;353,97;357,55;353,46;Null
20-1-2004;Null;357,33;357,52;354,08;Null
19-1-2004;Null;359;360,39;356,17;Null
16-1-2004;Null;353,08;358,89;353,08;Null
15-1-2004;Null;346,51;352,86;345,8;Null
14-1-2004;Null;342,55;347,78;341,91;Null
13-1-2004;Null;343,25;346,16;342,51;Null
12-1-2004;Null;342,27;342,64;340,57;Null
9-1-2004;Null;345,16;346,91;341,61;Null
8-1-2004;Null;343,26;346,22;342,47;Null
7-1-2004;Null;343,2;343,24;338,64;Null
6-1-2004;Null;344,92;345,24;341,48;Null
5-1-2004;Null;342,62;344;340,72;Null
2-1-2004;Null;338,69;342,76;337,97;Null
31-12-2003;Null;337,45;338,02;336,84;Null
30-12-2003;Null;336,6;337,75;336,05;Null
29-12-2003;Null;333,04;335,31;332,93;Null
24-12-2003;Null;331,1;332,06;330,59;Null
23-12-2003;Null;331,61;331,73;329,93;Null
22-12-2003;Null;329,31;331,94;329,22;Null
19-12-2003;Null;329,93;331,69;328,72;Null
18-12-2003;Null;325,8;328,76;325,28;Null
17-12-2003;Null;328,93;329,42;324,84;Null
16-12-2003;Null;327,84;329,67;326,91;Null
15-12-2003;Null;334,81;335,6;329,52;Null
12-12-2003;Null;332,48;333,75;328,19;Null
11-12-2003;Null;329,12;330,31;327,01;Null
10-12-2003;Null;330,52;330,92;326,3;Null
9-12-2003;Null;334,75;334,75;331,9;Null
8-12-2003;Null;332,42;332,45;330,27;Null
5-12-2003;Null;336,21;337,49;332,25;Null
4-12-2003;Null;338;339,79;336,16;Null
3-12-2003;Null;335,15;339,67;335,09;Null
2-12-2003;Null;337,73;339,1;335,6;Null
1-12-2003;Null;334,66;337,98;334,66;Null
28-11-2003;Null;334,15;335,87;329,71;Null
27-11-2003;Null;333,52;335,36;332,55;Null
26-11-2003;Null;333,41;337,75;332,32;Null
25-11-2003;Null;335,04;336,18;332,35;Null
24-11-2003;Null;326,34;333,58;326,27;Null
21-11-2003;Null;324,59;327,18;323,59;Null
20-11-2003;Null;328,98;328,98;320,83;Null
19-11-2003;Null;324,22;327,61;322,84;Null
18-11-2003;Null;331,54;332,06;326,98;Null
17-11-2003;Null;334,15;334,71;328,74;Null
14-11-2003;Null;337,53;341,47;337,26;Null
13-11-2003;Null;340,85;341,36;337,23;Null
12-11-2003;Null;336,4;338,17;334,48;Null
11-11-2003;Null;337,09;337,09;335,1;Null
10-11-2003;Null;340,65;342,52;339,05;Null
7-11-2003;Null;340,95;344,62;340,95;Null
6-11-2003;Null;337,14;341,84;333,92;Null
5-11-2003;Null;337,74;339,63;335,19;Null
4-11-2003;Null;339,99;341,33;336,85;Null
3-11-2003;Null;331,33;340,7;330,91;Null
31-10-2003;Null;328,2;331,43;326,97;Null
30-10-2003;Null;325,56;331,15;323,43;Null
29-10-2003;Null;326,32;326,78;323,09;Null
28-10-2003;Null;322,31;324,04;321,46;Null
27-10-2003;Null;318,36;321,54;318,36;Null
24-10-2003;Null;317,11;318,91;315,52;Null
23-10-2003;Null;316,35;319,51;316,14;Null
22-10-2003;Null;328,43;329,92;321,3;Null
21-10-2003;Null;330,16;331,92;328,18;Null
20-10-2003;Null;329,05;331,01;326,06;Null
17-10-2003;Null;328,51;332,79;327,79;Null
16-10-2003;Null;329,9;331,62;327,24;Null
15-10-2003;Null;329,17;333,91;328,34;Null
14-10-2003;Null;330,41;330,79;325,13;Null
13-10-2003;Null;325,41;329,51;324,96;Null
10-10-2003;Null;325,51;327,16;322,14;Null
9-10-2003;Null;318,74;324,81;318,18;Null
8-10-2003;Null;316,88;322,02;316,07;Null
7-10-2003;Null;320,94;321,17;315,38;Null
6-10-2003;Null;322,02;323,64;319,4;Null
3-10-2003;Null;316,38;323,8;315,66;Null
2-10-2003;Null;315,3;316,91;313,09;Null
1-10-2003;Null;308,82;311,71;306,43;Null
30-9-2003;Null;313,62;314,97;305,3;Null
29-9-2003;Null;312,55;317,46;310,94;Null
26-9-2003;Null;316,12;318,09;312,39;Null
25-9-2003;Null;317,72;320,15;316,04;Null
24-9-2003;Null;325,27;325,65;322,04;Null
23-9-2003;Null;327,81;328,15;320,95;Null
22-9-2003;Null;331,16;331,16;325,58;Null
19-9-2003;Null;340,56;340,68;334,51;Null
18-9-2003;Null;336,42;339,28;335,6;Null
17-9-2003;Null;337,32;339,34;336,85;Null
16-9-2003;Null;331,4;334,62;330,3;Null
15-9-2003;Null;330,46;333,56;330,32;Null
12-9-2003;Null;332,86;333,91;326,97;Null
11-9-2003;Null;328,05;333,06;328,05;Null
10-9-2003;Null;335,63;336,09;330,41;Null
9-9-2003;Null;344,25;344,3;336,31;Null
8-9-2003;Null;337,93;342,62;337,7;Null
5-9-2003;Null;341,31;342,07;336,96;Null
4-9-2003;Null;341,99;344,33;338,68;Null
3-9-2003;Null;339,12;343,32;339,12;Null
2-9-2003;Null;337,09;338,34;335,21;Null
1-9-2003;Null;331,06;337,11;331,04;Null
29-8-2003;Null;333,79;334,7;329,41;Null
28-8-2003;Null;330,65;334,58;329,4;Null
27-8-2003;Null;328,92;331,14;328,33;Null
26-8-2003;Null;331,35;333,22;326,02;Null
25-8-2003;Null;332,1;332,91;330,09;Null
22-8-2003;Null;330,75;336,02;329,44;Null
21-8-2003;Null;327,79;332,87;327,79;Null
20-8-2003;Null;326,83;327,85;323,4;Null
19-8-2003;Null;327,41;329,21;326,22;Null
18-8-2003;Null;323,58;325,28;321,95;Null
15-8-2003;Null;320,36;324,27;320,05;Null
14-8-2003;Null;316,2;320,3;314,56;Null
13-8-2003;Null;317,86;318;314,33;Null
12-8-2003;Null;313,67;316,75;312,42;Null
11-8-2003;Null;313,03;314,66;311,37;Null
8-8-2003;Null;309,18;314,14;308,08;Null
7-8-2003;Null;312,59;312,59;305,65;Null
6-8-2003;Null;310,7;311,38;308,31;Null
5-8-2003;Null;314,8;315,6;312,93;Null
4-8-2003;Null;313,43;317,59;310,25;Null
1-8-2003;Null;316,67;319,07;313,47;Null
31-7-2003;Null;313,34;318,13;311,49;Null
30-7-2003;Null;309,93;314,24;309,34;Null
29-7-2003;Null;310,48;315,6;308,99;Null
28-7-2003;Null;312,03;312,62;309,75;Null
25-7-2003;Null;308,68;310,83;306,36;Null
24-7-2003;Null;307,23;312,32;304,67;Null
23-7-2003;Null;310,48;311,11;305,85;Null
22-7-2003;Null;307,55;308,55;303,66;Null
21-7-2003;Null;312,01;312,88;304,66;Null
18-7-2003;Null;302,31;310,5;302,16;Null
17-7-2003;Null;305,9;306,57;301,39;Null
16-7-2003;Null;310,36;312,53;306,74;Null
15-7-2003;Null;308,62;312,55;307,42;Null
14-7-2003;Null;305,88;310,55;304,36;Null
11-7-2003;Null;297,33;303,21;296,66;Null
10-7-2003;Null;301,85;302,69;298,15;Null
9-7-2003;Null;307,06;307,41;301,68;Null
8-7-2003;Null;305,04;308,77;304,53;Null
7-7-2003;Null;295,2;306,18;295,14;Null
4-7-2003;Null;294,02;295,79;292,63;Null
3-7-2003;Null;295,45;296,28;291,5;Null
2-7-2003;Null;290,23;294,17;288,75;Null
1-7-2003;Null;293,28;293,98;284,14;Null
30-6-2003;Null;296,25;299,55;291,45;Null
27-6-2003;Null;296,18;298,02;293,75;Null
26-6-2003;Null;290,87;295,28;290,42;Null
25-6-2003;Null;292,91;294,49;290,17;Null
24-6-2003;Null;292,38;294,08;289,05;Null
23-6-2003;Null;302,67;303,07;291,98;Null
20-6-2003;Null;298,05;303,43;297,53;Null
19-6-2003;Null;306,23;307,28;298,3;Null
18-6-2003;Null;305,88;306,6;302,9;Null
17-6-2003;Null;308,1;309,5;301,78;Null
16-6-2003;Null;294,8;303,55;292,94;Null
13-6-2003;Null;305,33;305,74;295,76;Null
12-6-2003;Null;303,84;307,42;302,37;Null
11-6-2003;Null;296,91;302,05;296,7;Null
10-6-2003;Null;291,78;295,79;291,36;Null
9-6-2003;Null;297,26;299,16;292,76;Null
6-6-2003;Null;291,73;300,29;291,37;Null
5-6-2003;Null;291,28;292,63;286,95;Null
4-6-2003;Null;284,98;289,94;283,29;Null
3-6-2003;Null;282,98;283,95;281,38;Null
2-6-2003;Null;283,58;286,2;282,25;Null
30-5-2003;Null;275,5;281,92;274,9;Null
29-5-2003;Null;274,93;279,34;274,64;Null
28-5-2003;Null;276,19;279,8;274,53;Null
27-5-2003;Null;269,4;272,52;264,8;Null
26-5-2003;Null;271,68;272,61;269,02;Null
23-5-2003;Null;275,9;276,84;268,75;Null
22-5-2003;Null;271,96;274,95;270,24;Null
21-5-2003;Null;274,23;274,9;267,02;Null
20-5-2003;Null;273,3;276,42;270,04;Null
19-5-2003;Null;284,39;284,39;273,81;Null
16-5-2003;Null;284,79;290,51;284,08;Null
15-5-2003;Null;281,79;284,93;279,83;Null
14-5-2003;Null;280,7;285,95;280,13;Null
13-5-2003;Null;283,59;284,77;279,66;Null
12-5-2003;Null;284,76;285,74;277,33;Null
9-5-2003;Null;280,21;282,05;275,41;Null
8-5-2003;Null;283,01;286,01;277,62;Null
7-5-2003;Null;289,77;291,98;285;Null
6-5-2003;Null;286,32;290,65;284,18;Null
5-5-2003;Null;282,18;289,1;282,18;Null
2-5-2003;Null;280,99;281,09;275,16;Null
30-4-2003;Null;283,21;286,62;280,95;Null
29-4-2003;Null;289,76;292,66;283,61;Null
28-4-2003;Null;276,55;287,37;275,32;Null
25-4-2003;Null;283,42;285,49;277,21;Null
24-4-2003;Null;286,59;291,74;282,41;Null
23-4-2003;Null;293,13;295,21;289,32;Null
22-4-2003;Null;287,67;287,67;281,41;Null
17-4-2003;Null;283,73;287,83;282,24;Null
16-4-2003;Null;293,14;295,58;286,48;Null
15-4-2003;Null;283,67;289,19;283,06;Null
14-4-2003;Null;277,68;279,43;272,61;Null
11-4-2003;Null;274,9;282,48;273,97;Null
10-4-2003;Null;273,24;276,94;271,97;Null
9-4-2003;Null;276,18;283,08;273,57;Null
8-4-2003;Null;281,26;286,03;278,77;Null
7-4-2003;Null;279,76;288,03;279,76;Null
4-4-2003;Null;268,59;273,4;263,19;Null
3-4-2003;Null;265,88;272,61;263,29;Null
2-4-2003;Null;257,54;266,18;257,54;Null
1-4-2003;Null;251,22;254,37;248,27;Null
31-3-2003;Null;255,9;255,9;247,72;Null
28-3-2003;Null;261,61;262,29;255,65;Null
27-3-2003;Null;264,56;264,56;258,91;Null
26-3-2003;Null;269,77;273,32;264,89;Null
25-3-2003;Null;257,29;268,37;251,41;Null
24-3-2003;Null;272,12;272,62;260,28;Null
21-3-2003;Null;266,9;278,53;266,83;Null
20-3-2003;Null;264,79;271,58;261,33;Null
19-3-2003;Null;266,05;275,27;260,44;Null
18-3-2003;Null;270,89;277,42;261,16;Null
17-3-2003;Null;245,23;273,44;243,36;Null
14-3-2003;Null;245,36;257,82;245,36;Null
13-3-2003;Null;225,82;240,25;224,63;Null
12-3-2003;Null;229,36;232,16;217,8;Null
11-3-2003;Null;225,37;234,14;220,77;Null
10-3-2003;Null;238,77;238,97;226,97;Null
7-3-2003;Null;244,13;244,15;234,85;Null
6-3-2003;Null;254,12;254,67;246,73;Null
5-3-2003;Null;254,18;256,88;251,63;Null
4-3-2003;Null;263,74;264,09;256,2;Null
3-3-2003;Null;270,42;270,78;264,79;Null
28-2-2003;Null;259,15;266,22;257,08;Null
27-2-2003;Null;253,98;259,67;249,55;Null
26-2-2003;Null;260,68;262,67;251,77;Null
25-2-2003;Null;265,31;265,72;254,45;Null
24-2-2003;Null;283,37;283,4;267,61;Null
21-2-2003;Null;279,99;282,96;278,34;Null
20-2-2003;Null;286,58;290,62;281,3;Null
19-2-2003;Null;292,77;292,77;286,06;Null
18-2-2003;Null;290,75;295,31;287,29;Null
17-2-2003;Null;290,07;291,68;288,47;Null
14-2-2003;Null;278,4;288,55;278,26;Null
13-2-2003;Null;273,2;280,3;270,2;Null
12-2-2003;Null;279,8;280,27;273,72;Null
11-2-2003;Null;278,25;285,05;276,88;Null
10-2-2003;Null;279,49;279,81;273,83;Null
7-2-2003;Null;284,18;286,1;278,73;Null
6-2-2003;Null;288,11;293,5;282,01;Null
5-2-2003;Null;286,41;291,17;282,34;Null
4-2-2003;Null;295,94;297,48;285,34;Null
3-2-2003;Null;299,43;301,79;297,35;Null
31-1-2003;Null;286,89;295,12;284,23;Null
30-1-2003;Null;287,07;293,07;286,84;Null
29-1-2003;Null;284,48;284,68;273,14;Null
28-1-2003;Null;288,44;290,85;283,03;Null
27-1-2003;Null;293,93;294,59;283,87;Null
24-1-2003;Null;300,61;303,02;295,56;Null
23-1-2003;Null;304,12;305,87;297,89;Null
22-1-2003;Null;307,15;310,25;298,82;Null
21-1-2003;Null;315,22;318,07;307,69;Null
20-1-2003;Null;319,42;321,59;313,04;Null
17-1-2003;Null;327,63;327,9;318,59;Null
16-1-2003;Null;329,5;332,72;328,44;Null
15-1-2003;Null;336,79;338,75;330,25;Null
14-1-2003;Null;335,56;337,29;332,43;Null
13-1-2003;Null;334,49;338,5;332,51;Null
10-1-2003;Null;332,49;335,36;327,58;Null
9-1-2003;Null;327,12;333,15;322,1;Null
8-1-2003;Null;332,73;334,53;328,06;Null
7-1-2003;Null;338,62;339,67;331,47;Null
6-1-2003;Null;338,33;340,24;331,29;Null
3-1-2003;Null;339,13;339,76;333,17;Null
2-1-2003;Null;323,76;337,26;322,39;Null
31-12-2002;Null;320,17;325,18;319,97;Null
30-12-2002;Null;315,72;320,38;315,72;Null
27-12-2002;Null;324,32;327,02;316,84;Null
24-12-2002;Null;327,84;329,82;326,37;Null
23-12-2002;Null;326,76;330,22;323,65;Null
20-12-2002;Null;323,47;328,52;319,46;Null
19-12-2002;Null;324,79;328,18;315,64;Null
18-12-2002;Null;327,97;329,96;322,42;Null
17-12-2002;Null;335,34;337,91;329,58;Null
16-12-2002;Null;320,52;335,84;320,49;Null
13-12-2002;Null;329,46;329,46;320,23;Null
12-12-2002;Null;336,68;337,76;328,87;Null
11-12-2002;Null;333,4;338,23;331,03;Null
10-12-2002;Null;327,12;333,69;326,19;Null
9-12-2002;Null;339,56;342,68;329,21;Null
6-12-2002;Null;341,69;342,82;329,76;Null
5-12-2002;Null;345,58;352,75;337,63;Null
4-12-2002;Null;347,03;349,22;342,1;Null
3-12-2002;Null;362,31;363,46;348,38;Null
2-12-2002;Null;362,2;370,42;360,64;Null
29-11-2002;Null;359,85;364,22;358,7;Null
28-11-2002;Null;359,28;363,24;356,82;Null
27-11-2002;Null;344,7;357,66;343,13;Null
26-11-2002;Null;357,57;358,12;346,95;Null
25-11-2002;Null;359,81;362,81;355,2;Null
22-11-2002;Null;355,89;358,63;353,6;Null
21-11-2002;Null;346,17;356,96;345,45;Null
20-11-2002;Null;343,26;345,36;335,62;Null
19-11-2002;Null;338,11;341,08;337,46;Null
18-11-2002;Null;338,03;346,45;337,72;Null
15-11-2002;Null;340,84;341,5;335,7;Null
14-11-2002;Null;323,17;337,1;321,6;Null
13-11-2002;Null;325,23;326,17;318,8;Null
12-11-2002;Null;328;332,34;324,45;Null
11-11-2002;Null;328,23;329,49;323,91;Null
8-11-2002;Null;334,17;338,27;328,21;Null
7-11-2002;Null;349,44;352,04;335,69;Null
6-11-2002;Null;359,37;361,22;346,7;Null
5-11-2002;Null;349,39;357,22;346,49;Null
4-11-2002;Null;347,4;353,31;346,65;Null
1-11-2002;Null;338,74;340,88;333,41;Null
31-10-2002;Null;334,21;344,05;330,86;Null
30-10-2002;Null;330,12;335,82;322,93;Null
29-10-2002;Null;334,94;338,4;321,68;Null
28-10-2002;Null;335,69;341,69;335,69;Null
25-10-2002;Null;329,09;332,58;327,38;Null
24-10-2002;Null;335,96;338,91;331,58;Null
23-10-2002;Null;344,31;346,98;329,32;Null
22-10-2002;Null;346,2;352,74;340,36;342,6
21-10-2002;Null;342,48;347,26;339,61;344,74
18-10-2002;Null;347,76;347,76;336,56;Null
17-10-2002;Null;337,4;348,57;337,4;Null
16-10-2002;Null;333,4;347,95;329,93;Null
15-10-2002;Null;319,18;340,59;319,18;Null
14-10-2002;Null;316,32;322,62;313,39;Null
11-10-2002;Null;303,06;318,08;302,51;Null
10-10-2002;Null;288,11;301,77;286,55;Null
9-10-2002;Null;295,03;296,17;285,82;Null
8-10-2002;Null;304,31;306,46;291,92;Null
7-10-2002;Null;297,83;304,94;296,12;Null
4-10-2002;Null;312,62;316,61;303,75;Null
3-10-2002;Null;307,86;321,8;307,44;Null
2-10-2002;Null;315,13;319,46;309,13;Null
1-10-2002;Null;299,07;305,25;294,14;Null
30-9-2002;Null;304,12;304,12;292,09;Null
27-9-2002;Null;317,36;319,48;311,88;Null
26-9-2002;Null;307,5;319,78;305,09;Null
25-9-2002;Null;290,34;307,04;288,5;Null
24-9-2002;Null;294,76;297,24;282,79;Null
23-9-2002;Null;308,32;313,64;291,99;Null
20-9-2002;Null;306,67;315,67;304,52;Null
19-9-2002;Null;318,43;321,48;308,51;Null
18-9-2002;Null;326,05;326,13;314,72;Null
17-9-2002;Null;345,13;349,29;330,77;Null
16-9-2002;Null;339,6;342,28;333,59;Null
13-9-2002;Null;346,34;346,34;335,6;Null
12-9-2002;Null;362,02;363,46;348,01;Null
11-9-2002;Null;357,94;369,03;354,52;Null
10-9-2002;Null;351,72;357,44;351,26;Null
9-9-2002;Null;355,23;355,37;344,99;Null
6-9-2002;Null;345,74;357,56;342,48;Null
5-9-2002;Null;353,49;353,77;337,77;Null
4-9-2002;Null;346,8;353,13;342,02;Null
3-9-2002;Null;361,93;361,93;348,07;Null
2-9-2002;Null;369,94;369,94;363,69;Null
30-8-2002;Null;367,55;374,99;365,22;Null
29-8-2002;Null;373,43;373,43;364,78;Null
28-8-2002;Null;389,25;389,25;375,32;Null
27-8-2002;Null;383,44;395,59;380,64;Null
26-8-2002;Null;386,81;392,38;379,87;Null
23-8-2002;Null;397,08;397,08;389,47;Null
22-8-2002;Null;385,89;395,65;384,64;Null
21-8-2002;Null;378,98;388,42;378,14;Null
20-8-2002;Null;385,67;389,08;378,4;Null
19-8-2002;Null;367,18;386,11;365,84;Null
16-8-2002;Null;363,16;371,06;358,98;Null
15-8-2002;Null;358,46;366,53;358,09;Null
14-8-2002;Null;347,94;354,56;346,68;Null
13-8-2002;Null;354,92;359,74;345,77;Null
12-8-2002;Null;357,96;359,31;350,74;Null
9-8-2002;Null;356,18;362,76;348,28;Null
8-8-2002;Null;346,45;356,3;343,06;Null
7-8-2002;Null;342,48;348,04;335,26;Null
6-8-2002;Null;315,52;342,32;311,73;Null
5-8-2002;Null;334,58;334,58;323,02;Null
2-8-2002;Null;341,86;342,32;334,37;Null
1-8-2002;Null;360,57;367,69;341,86;Null
31-7-2002;Null;362,08;371,24;353,29;Null
30-7-2002;Null;365,44;367,81;353,77;Null
29-7-2002;Null;341,76;361,87;340,67;Null
26-7-2002;Null;329,11;337,39;320,12;Null
25-7-2002;Null;335,64;340,19;325,14;Null
24-7-2002;Null;323,84;328,62;303,72;Null
23-7-2002;Null;345,04;356,04;327,15;Null
22-7-2002;Null;358,52;358,65;342,83;Null
19-7-2002;Null;376,98;377,72;368,27;Null
18-7-2002;Null;380,23;395;378,71;Null
17-7-2002;Null;358,33;385,88;357,59;Null
16-7-2002;Null;377,68;378,53;353,12;Null
15-7-2002;Null;390,57;393,07;368,01;Null
12-7-2002;Null;403,11;406,09;387,16;Null
11-7-2002;Null;401,47;404,61;391,78;Null
10-7-2002;Null;416,02;421,13;409,78;Null
9-7-2002;Null;431,54;436,79;423,43;Null
8-7-2002;Null;434,86;438,94;430,49;Null
5-7-2002;Null;421,79;437,36;421,79;Null
4-7-2002;Null;414,48;419,94;412,1;Null
3-7-2002;Null;417,5;425,61;406,03;Null
2-7-2002;Null;431,28;431,51;419,81;Null
1-7-2002;Null;434;446,92;433,29;Null
28-6-2002;Null;428,57;439,66;427,14;Null
27-6-2002;Null;419,3;428,28;415,97;Null
26-6-2002;Null;400,84;413,55;395,17;Null
25-6-2002;Null;417,78;424,64;416,04;Null
24-6-2002;Null;423,44;426,26;409,02;Null
21-6-2002;Null;423,25;431,68;416,06;Null
20-6-2002;Null;433,03;435,7;424,27;Null
19-6-2002;Null;439,43;439,43;434,7;Null
18-6-2002;Null;449,9;449,9;442,17;Null
17-6-2002;Null;433,93;446,11;432,49;Null
14-6-2002;Null;438,75;439,32;421,94;Null
13-6-2002;Null;451,8;453,23;440,2;Null
12-6-2002;Null;456,23;456,42;446,97;Null
11-6-2002;Null;455,27;462,89;451,84;Null
10-6-2002;Null;458,2;460,09;452,44;Null
7-6-2002;Null;459,28;459,28;449,7;Null
6-6-2002;Null;464,9;470,9;463,74;Null
5-6-2002;Null;465,26;467,57;462,86;Null
4-6-2002;Null;473,12;473,18;462,57;Null
3-6-2002;Null;482,4;483,35;477,48;Null
31-5-2002;Null;479,82;484,56;477,89;Null
30-5-2002;Null;487,78;488,01;479,12;Null
29-5-2002;Null;489,57;490,22;486,86;Null
28-5-2002;Null;495,23;496,95;489,76;Null
27-5-2002;Null;491,31;497,12;491,21;Null
24-5-2002;Null;494,69;495,38;490,67;Null
23-5-2002;Null;490,29;492,74;487,08;Null
22-5-2002;Null;490,5;492,24;485,26;Null
21-5-2002;Null;493,98;495,74;490,6;Null
20-5-2002;Null;501,96;501,96;493,93;Null
17-5-2002;Null;504,05;505,83;497,14;Null
16-5-2002;Null;503,8;506,11;500,92;Null
15-5-2002;Null;503,76;505,62;498,14;Null
14-5-2002;Null;496,38;503,68;492,46;Null
13-5-2002;Null;487,19;493,98;485,98;Null
10-5-2002;Null;494,39;497,07;487,86;Null
9-5-2002;Null;500,87;501,25;495,3;Null
8-5-2002;Null;493,53;498,06;492,97;Null
7-5-2002;Null;489,36;491,01;481,42;Null
6-5-2002;Null;493,89;495,71;492,3;Null
3-5-2002;Null;501,2;505,1;494,53;Null
2-5-2002;Null;512,01;512,18;503,16;Null
30-4-2002;Null;505,81;511,29;504,17;Null
29-4-2002;Null;507,06;507,48;503,38;Null
26-4-2002;Null;513,64;515,28;508,79;Null
25-4-2002;Null;518,4;518,45;509,87;Null
24-4-2002;Null;524,39;526,1;519,57;Null
23-4-2002;Null;527,32;528,32;521,95;Null
22-4-2002;Null;526,85;527,96;523,23;Null
19-4-2002;Null;523,62;528,23;521,07;Null
18-4-2002;Null;527,15;531,45;524,5;Null
17-4-2002;Null;528,12;531,03;527,26;Null
16-4-2002;Null;518,58;526,13;517,75;Null
15-4-2002;Null;512,75;515,58;511,6;Null
12-4-2002;Null;509,26;513,13;508,87;Null
11-4-2002;Null;517,78;517,96;509,6;Null
10-4-2002;Null;509,15;517,07;507,46;Null
9-4-2002;Null;513,16;514,65;510,37;Null
8-4-2002;Null;516,9;517,21;506,29;Null
5-4-2002;Null;520,88;521,86;516,3;Null
4-4-2002;Null;526,11;527,85;519,28;Null
3-4-2002;Null;528;529,66;526,46;Null
2-4-2002;Null;528,6;530,49;527,91;Null
28-3-2002;Null;524,39;531,21;524,12;Null
27-3-2002;Null;524,26;524,66;519,59;Null
26-3-2002;Null;517,8;523,96;517,64;Null
25-3-2002;Null;523,09;526,52;521,18;Null
22-3-2002;Null;523,12;524,87;521,69;Null
21-3-2002;Null;520,01;522,74;518,47;Null
20-3-2002;Null;527,7;527,74;520,95;Null
19-3-2002;Null;523,4;527,66;523,13;Null
18-3-2002;Null;519,69;525,37;518,89;Null
15-3-2002;Null;510,66;517,57;509,31;Null
14-3-2002;Null;510,35;513,58;509,77;Null
13-3-2002;Null;516,14;518,69;511,03;Null
12-3-2002;Null;516,78;517,85;511,95;Null
11-3-2002;Null;519,49;522,59;516,14;Null
8-3-2002;Null;516,27;522,51;513,71;Null
7-3-2002;Null;517,12;521,95;514,28;Null
6-3-2002;Null;510,8;515,91;509,05;Null
5-3-2002;Null;510,84;516,21;509,49;Null
4-3-2002;Null;504,22;512,09;504,14;Null
1-3-2002;Null;492,21;501,31;492,1;Null
28-2-2002;Null;490,2;496,66;485,19;Null
27-2-2002;Null;490,14;492,71;487,88;Null
26-2-2002;Null;488,99;490,47;485,6;Null
25-2-2002;Null;481,44;484,89;477,2;Null
22-2-2002;Null;481,98;481,98;475,19;Null
21-2-2002;Null;485,75;488,47;481,95;Null
20-2-2002;Null;481,19;485,06;477,52;Null
19-2-2002;Null;489;489,9;482,13;Null
18-2-2002;Null;496,74;496,74;492,93;Null
15-2-2002;Null;500,97;500,97;496,88;Null
14-2-2002;Null;495,84;500,53;494,28;Null
13-2-2002;Null;489,79;493,98;489;Null
12-2-2002;Null;491,63;493,73;486,66;Null
11-2-2002;Null;486,2;489,81;485,45;Null
8-2-2002;Null;482,44;485,8;481,02;Null
7-2-2002;Null;479,06;485,5;477,55;Null
6-2-2002;Null;489,2;490,55;479,84;Null
5-2-2002;Null;493,47;494,47;484,03;Null
4-2-2002;Null;500,99;501,62;495,16;Null
1-2-2002;Null;502,13;504,55;500,15;Null
31-1-2002;Null;500,17;502,62;498,07;Null
30-1-2002;Null;495,91;497,61;492,44;Null
29-1-2002;Null;508,34;508,94;502,61;Null
28-1-2002;Null;505,63;510,04;504,84;506,7
25-1-2002;Null;503,31;504,38;498,89;Null
24-1-2002;Null;496,06;504,08;495,07;Null
23-1-2002;Null;492,19;495,61;491,17;Null
22-1-2002;Null;491,38;498,16;489,2;Null
21-1-2002;Null;495,22;495,34;489,83;Null
18-1-2002;Null;492,07;495,98;491,75;Null
17-1-2002;Null;488,53;498,05;488,53;Null
16-1-2002;Null;492,08;492,21;486,45;Null
15-1-2002;Null;486,56;494,69;485,35;Null
14-1-2002;Null;496,21;496,21;487,74;Null
11-1-2002;Null;493,26;499,26;492,44;Null
10-1-2002;Null;496,16;496,98;490,81;Null
9-1-2002;Null;495,27;499,21;490,35;Null
8-1-2002;Null;497,14;501,95;493,48;Null
7-1-2002;Null;503,37;506,63;497,47;Null
4-1-2002;Null;506,47;509,95;499,56;Null
3-1-2002;Null;502,51;507,19;500,65;Null
2-1-2002;Null;503,41;508,32;497,53;Null
28-12-2001;Null;504,29;509,11;504,29;Null
27-12-2001;Null;496,35;504,66;496,19;Null
24-12-2001;Null;495,99;495,99;492,51;Null
21-12-2001;Null;480,3;495,89;478,64;Null
20-12-2001;Null;487,34;491,95;482,24;Null
19-12-2001;Null;487,75;491,23;484,2;Null
18-12-2001;Null;487,96;493,25;485,44;Null
17-12-2001;Null;478,92;489,05;474,92;Null
14-12-2001;Null;475,29;478,54;473,07;Null
13-12-2001;Null;488,88;490,7;477,7;Null
12-12-2001;Null;494,26;498,27;487,62;Null
11-12-2001;Null;493,51;495,51;490,12;Null
10-12-2001;Null;504;504,21;494,21;Null
7-12-2001;Null;506,39;508,12;502,92;Null
6-12-2001;Null;509,15;512,56;505,28;Null
5-12-2001;Null;495,42;506,71;495,42;Null
4-12-2001;Null;492,5;492,5;488,19;Null
3-12-2001;Null;489,76;490,21;482,49;Null
30-11-2001;Null;493,16;495,25;485,88;Null
29-11-2001;Null;485,33;491,98;484,71;Null
28-11-2001;Null;494,3;497,35;488,51;Null
27-11-2001;Null;509,06;510,91;495,12;Null
26-11-2001;Null;510,69;512,31;506,91;Null
23-11-2001;Null;507,15;509,67;499,53;Null
22-11-2001;Null;500,37;506,04;498,98;Null
21-11-2001;Null;499,33;508,35;498,5;Null
20-11-2001;Null;509,49;509,49;499,34;Null
19-11-2001;Null;507,83;511,83;504,9;Null
16-11-2001;Null;498,86;505,81;493,26;Null
15-11-2001;Null;496,61;501,51;490,74;Null
14-11-2001;Null;500,66;506,41;492;Null
13-11-2001;Null;482,12;496,35;482,12;Null
12-11-2001;Null;490,13;490,13;472,89;Null
9-11-2001;Null;495,3;495,32;488,53;Null
8-11-2001;Null;489,02;501,79;488,71;Null
7-11-2001;Null;481,98;490,19;477,91;Null
6-11-2001;Null;484,32;488,98;478,78;Null
5-11-2001;Null;471,3;483,01;470,55;Null
2-11-2001;Null;466,44;471,59;465,24;Null
1-11-2001;Null;461,33;464,99;453,34;Null
31-10-2001;Null;447,87;464,04;445,31;Null
30-10-2001;Null;458,2;459,45;450,92;Null
29-10-2001;Null;474,25;474,45;464,65;Null
26-10-2001;Null;468,06;473,25;464,38;Null
25-10-2001;Null;473,98;478,15;456,36;Null
24-10-2001;Null;464,9;477,91;464,03;Null
23-10-2001;Null;458,14;470,22;457,81;Null
22-10-2001;Null;448,11;454,87;440,91;Null
19-10-2001;Null;452,54;452,95;442,69;Null
18-10-2001;Null;453,07;456,39;451,01;Null
17-10-2001;Null;460,09;468,76;458,85;Null
16-10-2001;Null;450,2;458,91;444,53;Null
15-10-2001;Null;465,07;467,63;449,56;Null
12-10-2001;Null;482,34;482,34;468,42;Null
11-10-2001;Null;476,2;485,32;473,48;Null
10-10-2001;Null;456,07;471,85;453,9;Null
9-10-2001;Null;456,49;465,55;454,18;Null
8-10-2001;Null;449,15;459,54;441,04;Null
5-10-2001;Null;450,24;464,5;448,81;Null
4-10-2001;Null;449,1;459,23;447,84;Null
3-10-2001;Null;438,36;439,05;429,8;Null
2-10-2001;Null;440,84;444,09;426;Null
1-10-2001;Null;452,31;452,31;436,2;Null
28-9-2001;Null;440,28;453,9;440,09;Null
27-9-2001;Null;434,54;434,73;425,86;Null
26-9-2001;Null;426,98;442,62;423,29;Null
25-9-2001;Null;416,19;430,91;408,03;Null
24-9-2001;Null;410,45;419,12;405,75;Null
21-9-2001;Null;387,94;406,34;378,36;Null
20-9-2001;Null;430,27;434,48;407,45;Null
19-9-2001;Null;438,62;449,63;428,96;Null
18-9-2001;Null;436,26;441,2;431,29;Null
17-9-2001;Null;425,89;445;412,82;Null
14-9-2001;Null;458,5;464,59;426,49;Null
13-9-2001;Null;454,47;460,25;446,89;Null
12-9-2001;Null;441,03;463,52;438,88;Null
11-9-2001;Null;487,09;495,27;448,89;Null
10-9-2001;Null;483,84;486,51;466,39;Null
7-9-2001;Null;500,05;502,15;485,23;Null
6-9-2001;Null;516,95;517,86;498,9;Null
5-9-2001;Null;516,91;517,96;512,2;Null
4-9-2001;Null;520,98;523,16;509,63;Null
3-9-2001;Null;523,91;523,91;513,39;Null
31-8-2001;Null;523,08;527,05;521,08;Null
30-8-2001;Null;534,41;537,14;527,04;Null
29-8-2001;Null;531,35;538,84;529,66;Null
28-8-2001;Null;540,25;544,42;533,25;Null
27-8-2001;Null;542,73;545,45;540,27;Null
24-8-2001;Null;534,13;540,19;534,07;Null
23-8-2001;Null;526,65;533,42;525,47;Null
22-8-2001;Null;524,18;531,11;522,69;Null
21-8-2001;Null;524,17;529,3;520,91;Null
20-8-2001;Null;520,95;523,43;515,09;Null
17-8-2001;Null;530,65;532,4;520,04;Null
16-8-2001;Null;529,58;530,64;526,18;Null
15-8-2001;Null;538,54;539,39;531,65;Null
14-8-2001;Null;535,4;540,64;535,11;Null
13-8-2001;Null;532,6;535,11;527,3;Null
10-8-2001;Null;535,35;539,57;527,18;Null
9-8-2001;Null;534,72;537,32;532,29;Null
8-8-2001;Null;542,64;542,86;538,17;Null
7-8-2001;Null;542,3;546,55;538,41;Null
6-8-2001;Null;544;549,08;540,91;Null
3-8-2001;Null;549,07;549,83;542,75;Null
2-8-2001;Null;551,97;559;549,39;Null
1-8-2001;Null;547,38;553,37;546,7;Null
31-7-2001;Null;543,35;549,08;541,25;Null
30-7-2001;Null;533,89;544,52;533,24;Null
27-7-2001;Null;530,96;536,65;529,74;Null
26-7-2001;Null;529,02;530,4;523,43;Null
25-7-2001;Null;533,58;538,56;525,46;Null
24-7-2001;Null;537,57;542,15;534,87;Null
23-7-2001;Null;535,1;545,03;534,61;Null
20-7-2001;Null;538,13;539,53;532,33;Null
19-7-2001;Null;539,36;542,38;533,09;Null
18-7-2001;Null;545,1;545,23;535,53;Null
17-7-2001;Null;541,48;547,46;541,04;Null
16-7-2001;Null;551,59;552,33;545,35;Null
13-7-2001;Null;556,14;556,19;547,2;Null
12-7-2001;Null;556,67;557,44;552,24;Null
11-7-2001;Null;552,28;554,46;549,54;Null
10-7-2001;Null;561,21;564,85;557,98;Null
9-7-2001;Null;563,71;564,13;552,74;Null
6-7-2001;Null;569,64;569,86;561,19;Null
5-7-2001;Null;567,58;573,91;566,64;Null
4-7-2001;Null;575,05;577,44;570,12;Null
3-7-2001;Null;579,84;581,4;574,5;Null
2-7-2001;Null;572,36;581,28;571,13;Null
29-6-2001;Null;565,19;573,5;561,01;Null
28-6-2001;Null;556,37;563,3;550,08;Null
27-6-2001;Null;560,34;562,04;556,63;Null
26-6-2001;Null;564,16;564,22;557,29;Null
25-6-2001;Null;560,96;568,21;560,37;Null
22-6-2001;Null;557,31;563,54;557,31;Null
21-6-2001;Null;554,93;557,47;553,35;Null
20-6-2001;Null;551,57;553,58;547,2;Null
19-6-2001;Null;558,94;562,87;555,77;Null
18-6-2001;Null;557,89;559,39;554,68;Null
15-6-2001;Null;561,47;565,42;553,68;Null
14-6-2001;Null;574,46;575,32;567,76;Null
13-6-2001;Null;575,3;578,48;574,62;Null
12-6-2001;Null;581,34;581,34;569,78;Null
11-6-2001;Null;586,44;588,3;581,69;Null
8-6-2001;Null;592,29;592,36;587,25;Null
7-6-2001;Null;587,82;590,8;583,11;Null
6-6-2001;Null;590,87;591,86;586,93;Null
5-6-2001;Null;585,12;590,12;582,86;Null
1-6-2001;Null;581,1;582,7;577,44;Null
31-5-2001;Null;579,68;587,26;577,86;Null
30-5-2001;Null;587,67;587,68;582,45;Null
29-5-2001;Null;594,44;596,91;590,73;Null
28-5-2001;Null;591,28;595,09;590,39;Null
25-5-2001;Null;597,44;598,01;589,23;Null
24-5-2001;Null;596,92;600,63;594,52;Null
23-5-2001;Null;600,56;603,72;596,71;Null
22-5-2001;Null;601,02;609,22;600,75;Null
21-5-2001;Null;601,46;601,85;596,91;Null
18-5-2001;Null;588,48;600,4;588,14;Null
17-5-2001;Null;593,96;594,78;590,99;Null
16-5-2001;Null;585,62;586,12;580,33;Null
15-5-2001;Null;588,22;591;585,65;Null
14-5-2001;Null;588,15;588,53;583,56;Null
11-5-2001;Null;591,29;595,41;591,21;Null
10-5-2001;Null;577,71;595,52;577,21;Null
9-5-2001;Null;577,92;578,18;574,74;Null
8-5-2001;Null;582,13;584,92;577,47;Null
7-5-2001;Null;584,14;587,49;582,3;Null
4-5-2001;Null;583,34;587,06;574,71;Null
3-5-2001;Null;599,22;600,97;584,6;Null
2-5-2001;Null;600,17;600,33;594,53;Null
1-5-2001;Null;597,12;598,2;593,86;Null
27-4-2001;Null;582,82;595,6;581,94;Null
26-4-2001;Null;578,3;584,32;572,46;Null
25-4-2001;Null;571,55;576,48;569,81;Null
24-4-2001;Null;568,34;576,33;568,31;Null
23-4-2001;Null;573,95;575,23;566,9;Null
20-4-2001;Null;580,8;581,21;573,11;Null
19-4-2001;Null;585,23;586,18;577,75;Null
18-4-2001;Null;577,53;585,08;576,4;Null
17-4-2001;Null;568,02;570,14;559,91;Null
12-4-2001;Null;574,51;579,63;572,93;Null
11-4-2001;Null;569,95;579,31;569,33;Null
10-4-2001;Null;560,35;570,45;557,33;Null
9-4-2001;Null;546,95;561,42;546,79;Null
6-4-2001;Null;560,01;560,01;545,08;Null
5-4-2001;Null;540,33;554,78;540,15;Null
4-4-2001;Null;530,6;538,26;524,22;Null
3-4-2001;Null;550,52;552,49;538,83;Null
2-4-2001;Null;562,88;563,23;550,93;Null
30-3-2001;Null;551,74;563,01;550,25;Null
29-3-2001;Null;546,09;552,83;540,93;Null
28-3-2001;Null;560,46;564,03;552;Null
27-3-2001;Null;548,05;560,58;545,44;Null
26-3-2001;Null;537,5;550,43;536,77;Null
23-3-2001;Null;526,13;531,77;524,78;Null
22-3-2001;Null;534,81;536,38;512,45;Null
21-3-2001;Null;546,27;547,06;536,55;Null
20-3-2001;Null;550,22;553,76;548,38;Null
19-3-2001;Null;555,11;559,41;543,29;Null
16-3-2001;Null;568,81;569,01;553,5;Null
15-3-2001;Null;567,82;569,92;561,53;Null
14-3-2001;Null;580,95;581;553,35;Null
13-3-2001;Null;575,55;579,12;573,98;Null
12-3-2001;Null;589,72;589,91;580,66;Null
9-3-2001;Null;593,06;597,9;592,81;Null
8-3-2001;Null;600;601,24;595,24;Null
7-3-2001;Null;598,4;600,62;594,68;Null
6-3-2001;Null;594,56;600,95;593,56;Null
5-3-2001;Null;593,14;593,96;586,64;Null
2-3-2001;Null;590,89;594,82;586,73;Null
1-3-2001;Null;593,22;593,24;588,2;Null
28-2-2001;Null;593,39;600,13;593,25;Null
27-2-2001;Null;596,92;600,85;592,36;Null
26-2-2001;Null;589,66;595,07;586,66;Null
23-2-2001;Null;596,25;597;583,4;Null
22-2-2001;Null;600,16;604,19;591,03;Null
21-2-2001;Null;605,8;607,21;597,75;Null
20-2-2001;Null;612,36;616,55;610,05;Null
19-2-2001;Null;617,9;618,09;610,34;Null
16-2-2001;Null;619,69;621,1;611,52;Null
15-2-2001;Null;622,92;625,07;621,64;Null
14-2-2001;Null;623,38;623,81;618,15;Null
13-2-2001;Null;626,29;627,22;622,92;Null
12-2-2001;Null;618,94;624,51;616,85;Null
9-2-2001;Null;625,4;626,52;620,44;Null
8-2-2001;Null;623,2;627,2;622,39;Null
7-2-2001;Null;629,21;629,51;623,35;Null
6-2-2001;Null;631,04;632,12;628,67;Null
5-2-2001;Null;628,45;632,84;627,23;Null
2-2-2001;Null;635,12;636,6;629,13;Null
1-2-2001;Null;636,82;638,27;632,56;Null
31-1-2001;Null;636,17;640,5;633,8;Null
30-1-2001;Null;638,91;639,11;633,25;Null
29-1-2001;Null;633,04;637,19;632,99;Null
26-1-2001;Null;632,6;636,22;631,86;Null
25-1-2001;Null;633,42;638,18;632,4;Null
24-1-2001;Null;636,68;638,85;632,43;Null
23-1-2001;Null;626,96;630,76;623,19;Null
22-1-2001;Null;627,84;631,14;620,42;Null
19-1-2001;Null;637,97;639,86;627,69;Null
18-1-2001;Null;642,05;642,52;633,12;Null
17-1-2001;Null;634,86;642,6;634,64;Null
16-1-2001;Null;639,48;639,48;630,77;Null
15-1-2001;Null;637,54;643,43;636,98;Null
12-1-2001;Null;642,06;643,15;636,42;Null
11-1-2001;Null;632,11;637,26;630,57;Null
10-1-2001;Null;633,93;634,43;628,91;Null
9-1-2001;Null;636,34;637,46;630,25;Null
8-1-2001;Null;632,91;633,29;629,3;631,15
5-1-2001;Null;638,23;642,77;631,49;635,8
4-1-2001;Null;646,79;647,05;636,71;638,97
3-1-2001;Null;631,37;636,74;627,7;629,86
2-1-2001;Null;636,24;642,54;633,63;634,16
29-12-2000;Null;641,3;647,61;637,6;637,6
28-12-2000;Null;638,24;640,76;636,16;640,76
27-12-2000;Null;628,29;635,73;626,91;635,16
22-12-2000;Null;623,83;628,96;623,2;Null
21-12-2000;Null;615,32;622,81;610,99;Null
20-12-2000;Null;630,17;632,33;613,91;Null
19-12-2000;Null;631,31;639,18;625,29;Null
18-12-2000;Null;625,61;635,81;625,49;Null
15-12-2000;Null;632,38;636,25;623;Null
14-12-2000;Null;646,12;646,61;636,23;Null
13-12-2000;Null;662,17;662,89;650,25;Null
12-12-2000;Null;664,64;664,87;657,04;Null
11-12-2000;Null;662,44;666,15;660,71;Null
8-12-2000;Null;657,32;666,29;657,21;Null
7-12-2000;Null;651,52;660,02;648,91;Null
6-12-2000;Null;669,5;670,67;657,97;Null
5-12-2000;Null;651,65;661,73;651,44;Null
4-12-2000;Null;657,36;659,57;647,49;Null
1-12-2000;Null;654,27;660,33;651,94;Null
30-11-2000;Null;654,6;657,13;649,92;Null
29-11-2000;Null;656,61;664,06;654,08;Null
28-11-2000;Null;663,65;666,9;659,57;Null
27-11-2000;Null;664,94;671,48;663,53;Null
24-11-2000;Null;652,33;661,73;649,98;Null
23-11-2000;Null;651,13;654,98;647,11;Null
22-11-2000;Null;667,18;667,39;651,54;Null
21-11-2000;Null;666,63;670,72;663,49;Null
20-11-2000;Null;681,21;682,93;665,57;665,94
17-11-2000;Null;673,15;682,05;673,15;Null
16-11-2000;Null;680,29;680,81;673,59;Null
15-11-2000;Null;682,25;684,44;678,19;Null
14-11-2000;Null;668,05;682,09;667,39;Null
13-11-2000;Null;666,77;671,79;663;Null
10-11-2000;Null;677,4;681,91;672,38;Null
9-11-2000;Null;685,13;687,19;678,32;Null
8-11-2000;Null;688,95;691,31;685,89;Null
7-11-2000;Null;690,38;692,18;685,51;Null
6-11-2000;Null;687,43;691,17;686,81;Null
3-11-2000;Null;682,03;687,85;680,14;Null
2-11-2000;Null;683,91;688,03;682,73;Null
1-11-2000;Null;685,44;685,94;676,29;Null
31-10-2000;Null;678,7;682,61;678,52;Null
30-10-2000;Null;677,25;677,52;671,2;Null
27-10-2000;Null;675,15;679,8;672,82;Null
26-10-2000;Null;664,49;672,99;664,49;Null
25-10-2000;Null;671,75;674,79;663,43;Null
24-10-2000;Null;661,34;675,89;659,15;Null
23-10-2000;Null;657,61;663,16;654,43;Null
20-10-2000;Null;653,15;658,63;651,39;Null
19-10-2000;Null;637,84;649,2;634,95;Null
18-10-2000;Null;632,58;634,82;619,82;Null
17-10-2000;Null;640,87;642,4;635,91;Null
16-10-2000;Null;649,61;649,92;643,35;Null
13-10-2000;Null;633,6;642,15;630,74;Null
12-10-2000;Null;640,68;647,28;632,32;Null
11-10-2000;Null;647,37;650,01;636,06;Null
10-10-2000;Null;657,37;658,68;652,82;Null
9-10-2000;Null;662,46;663,48;652,91;Null
6-10-2000;Null;670,38;671,39;662,83;Null
5-10-2000;Null;670,22;672,7;669,07;Null
4-10-2000;Null;669,59;671,8;665,02;Null
3-10-2000;Null;665,64;671,55;664,52;Null
2-10-2000;Null;659,75;668,36;657,69;Null
29-9-2000;Null;661,18;661,65;655,41;Null
28-9-2000;Null;658,78;660,26;650,88;Null
27-9-2000;Null;652,34;658,82;650,64;Null
26-9-2000;Null;655,41;658,24;652,2;Null
25-9-2000;Null;656,21;661,22;656,21;Null
22-9-2000;Null;639,72;653,16;639,72;Null
21-9-2000;Null;665,37;666,74;652,03;Null
20-9-2000;Null;671,64;671,64;663,97;Null
19-9-2000;Null;666,64;669,09;664,43;Null
18-9-2000;Null;670,68;671,9;666,54;Null
15-9-2000;Null;680;681,19;672,57;Null
14-9-2000;Null;678,88;681,78;674,5;Null
13-9-2000;Null;682,83;683,54;672,71;Null
12-9-2000;Null;685,2;685,2;681,28;Null
11-9-2000;Null;684,11;688,55;682,51;Null
8-9-2000;Null;697,28;697,81;685,58;Null
7-9-2000;Null;692,79;696,78;692,19;Null
6-9-2000;Null;696,36;700,29;693,55;Null
5-9-2000;Null;702,09;703,18;696,44;Null
4-9-2000;Null;698,43;702,56;697,25;Null
1-9-2000;Null;693,98;697,38;692,34;Null
31-8-2000;Null;683,25;690,8;682,05;Null
30-8-2000;Null;689,29;690,79;684,58;Null
29-8-2000;Null;694,22;696,93;690,71;Null
28-8-2000;Null;694,18;697,33;693,09;Null
25-8-2000;Null;698,38;699,61;691,32;Null
24-8-2000;Null;697,19;700,28;695,5;Null
23-8-2000;Null;697,7;697,84;691,52;Null
22-8-2000;Null;693,06;698,64;692,99;Null
21-8-2000;Null;692,86;693,96;690,43;Null
18-8-2000;Null;690,8;693,75;688,31;Null
17-8-2000;Null;688,23;692,5;685,98;Null
16-8-2000;Null;687,74;690,19;685,76;Null
15-8-2000;Null;692,16;692,44;685,47;Null
14-8-2000;Null;686,25;690,09;684,6;Null
11-8-2000;Null;680,69;685,23;680,51;Null
10-8-2000;Null;685,51;688,28;682,58;Null
9-8-2000;Null;681,73;687,18;681,38;Null
8-8-2000;Null;679,04;679,83;674,86;Null
7-8-2000;Null;677,97;680,72;676,88;Null
4-8-2000;Null;673,08;679,15;670,88;Null
3-8-2000;Null;674,86;675,75;666,52;Null
2-8-2000;Null;673,33;676,58;670,54;Null
1-8-2000;Null;668,95;672,1;667,89;Null
31-7-2000;Null;665,67;668,35;663,45;Null
28-7-2000;Null;670,38;674,71;663,72;Null
27-7-2000;Null;678,41;681,66;671,11;Null
26-7-2000;Null;683,5;683,87;677,88;Null
25-7-2000;Null;680,26;685,2;680,26;Null
24-7-2000;Null;677,3;684,73;677,23;Null
21-7-2000;Null;682,58;683,63;678,24;Null
20-7-2000;Null;679,42;684,36;677,57;Null
19-7-2000;Null;684,81;686,02;676,9;Null
18-7-2000;Null;691,38;691,38;682,87;Null
17-7-2000;Null;688,33;692,23;687,43;Null
14-7-2000;Null;687,42;691,85;686,06;Null
13-7-2000;Null;685,45;688,94;682,37;Null
12-7-2000;Null;682,86;687,14;681,12;Null
11-7-2000;Null;676,93;682,21;675,96;Null
10-7-2000;Null;676,13;679,02;675,83;Null
7-7-2000;Null;670,09;675,36;668,52;Null
6-7-2000;Null;663,43;666,72;662,74;Null
5-7-2000;Null;667,62;676,19;665,84;Null
4-7-2000;Null;670,12;672,71;667,59;Null
3-7-2000;Null;674,49;676,37;666,63;Null
30-6-2000;Null;670,51;675,05;667,31;Null
29-6-2000;Null;683,76;684,36;666,72;Null
28-6-2000;Null;683,01;687,14;679,3;Null
27-6-2000;Null;686,27;687,66;681,76;Null
26-6-2000;Null;681,74;686,98;680,82;Null
23-6-2000;Null;679,83;684,67;679,83;Null
22-6-2000;Null;687,28;689,61;684,06;Null
21-6-2000;Null;681,94;685,32;678,95;Null
20-6-2000;Null;680,54;682,28;678,87;Null
19-6-2000;Null;678,34;680,71;676,22;Null
16-6-2000;Null;685,03;688,34;681,23;Null
15-6-2000;Null;679,95;686,69;679,88;Null
14-6-2000;Null;679,71;685,15;679,71;Null
13-6-2000;Null;672,27;680,25;670,25;Null
9-6-2000;Null;672,76;676,94;670,87;Null
8-6-2000;Null;668,24;675,68;668,07;Null
7-6-2000;Null;664,95;667,14;662,22;Null
6-6-2000;Null;671,86;675,81;666,67;Null
5-6-2000;Null;677,7;677,78;669,71;Null
2-6-2000;Null;664,69;677,94;661,46;Null
31-5-2000;Null;665,25;665,4;655,48;Null
30-5-2000;Null;656,85;662,37;655,06;Null
29-5-2000;Null;650,38;656,05;649,96;Null
26-5-2000;Null;639,13;649,62;638,37;Null
25-5-2000;Null;646,2;650,1;643,86;Null
24-5-2000;Null;637,78;642,55;635,76;Null
23-5-2000;Null;648,57;650,52;642,11;Null
22-5-2000;Null;650,12;657,33;641,8;Null
19-5-2000;Null;665,02;666,4;651,53;Null
18-5-2000;Null;662,73;669,85;662,73;Null
17-5-2000;Null;673,52;673,6;664,05;Null
16-5-2000;Null;669,56;677,95;668,48;Null
15-5-2000;Null;665,99;668,79;663,17;Null
12-5-2000;Null;662,15;668,83;660,05;Null
11-5-2000;Null;650,41;659,17;648,72;Null
10-5-2000;Null;658,32;664,28;652,13;Null
9-5-2000;Null;667,17;668,43;661,44;Null
8-5-2000;Null;669,71;670,52;664,89;Null
5-5-2000;Null;667,68;672,32;661,76;Null
4-5-2000;Null;667,32;670,88;662,96;Null
3-5-2000;Null;667,7;677,53;665,9;Null
2-5-2000;Null;673,72;677,67;671,22;Null
1-5-2000;Null;668,24;668,98;663,58;Null
28-4-2000;Null;660,57;666,24;659,2;Null
27-4-2000;Null;664,21;665,83;649,34;Null
26-4-2000;Null;669,25;670,79;664,2;Null
25-4-2000;Null;655,67;664,05;654,07;Null
20-4-2000;Null;654,99;658,64;652,25;Null
19-4-2000;Null;657,33;657,86;650,01;Null
18-4-2000;Null;650,15;653,85;639,61;Null
17-4-2000;Null;618,67;640,41;618,67;Null
14-4-2000;Null;657,49;661,73;645,57;Null
13-4-2000;Null;652,54;665,37;652,41;Null
12-4-2000;Null;665,91;667,73;660,18;Null
11-4-2000;Null;662,43;667,52;658,11;Null
10-4-2000;Null;678,36;678,47;668,79;Null
7-4-2000;Null;669,72;673,52;664,13;Null
6-4-2000;Null;647,66;658,63;645,95;Null
5-4-2000;Null;651,22;655,82;632,49;Null
4-4-2000;Null;651,66;662,42;651,66;Null
3-4-2000;Null;666,96;668,13;645,8;Null
31-3-2000;Null;657,08;668,48;652,13;Null
30-3-2000;Null;675,08;677,93;661,14;Null
29-3-2000;Null;687,01;688,33;680,38;Null
28-3-2000;Null;681,61;691,66;681,32;Null
27-3-2000;Null;683,22;686,66;679,79;Null
24-3-2000;Null;675,58;684,23;670,78;Null
23-3-2000;Null;683,36;683,62;670,79;Null
22-3-2000;Null;681,08;683,29;672,23;Null
21-3-2000;Null;671,2;673,87;663,23;Null
20-3-2000;Null;675,39;679,54;671,65;Null
17-3-2000;Null;683,93;683,93;664,72;Null
16-3-2000;Null;653,44;663,87;649,47;Null
15-3-2000;Null;649,69;653,43;641,83;Null
14-3-2000;Null;661,22;665,56;657,75;Null
13-3-2000;Null;666,31;669,09;651,57;Null
10-3-2000;Null;676,82;678,04;672,74;Null
9-3-2000;Null;675,53;677,86;663,45;Null
8-3-2000;Null;677,39;678,38;671,01;Null
7-3-2000;Null;678,71;688,51;674,84;Null
6-3-2000;Null;687,18;689,2;676,14;Null
3-3-2000;Null;674,55;687,81;671,65;Null
2-3-2000;Null;669,02;672,59;663,92;Null
1-3-2000;Null;673,88;674,52;662,08;Null
29-2-2000;Null;661,93;665,82;658,38;Null
28-2-2000;Null;654,96;661,34;647,87;Null
25-2-2000;Null;655,25;662,96;652,58;Null
24-2-2000;Null;660,18;663,69;650,37;Null
23-2-2000;Null;656,31;657,42;650,46;Null
22-2-2000;Null;651,86;658,34;644,74;Null
21-2-2000;Null;650,26;655,43;646,45;Null
18-2-2000;Null;665,78;673,62;655,17;Null
17-2-2000;Null;666,95;674,21;663,36;Null
16-2-2000;Null;664,71;665,03;656,86;Null
15-2-2000;Null;657,39;660,57;652,34;Null
14-2-2000;Null;656,78;665,99;654,72;Null
11-2-2000;Null;668,01;671,97;656,41;Null
10-2-2000;Null;656,36;666,38;652,88;Null
9-2-2000;Null;673,41;676,14;663,64;Null
8-2-2000;Null;654,7;670,75;654,7;Null
7-2-2000;Null;657,17;664,21;651,74;Null
4-2-2000;Null;657,78;663;649,17;Null
3-2-2000;Null;637,13;652,07;633,51;Null
2-2-2000;Null;626,64;632,8;624,83;Null
1-2-2000;Null;625,61;625,94;617,49;Null
31-1-2000;Null;621,65;625,02;609,96;Null
28-1-2000;Null;635,86;636,99;624,37;Null
27-1-2000;Null;636,26;640,44;634,06;Null
26-1-2000;Null;645,71;646,57;633,83;Null
25-1-2000;Null;633,98;642,14;633,71;Null
24-1-2000;Null;645,65;654,15;644,28;Null
21-1-2000;Null;637,9;643,96;636,38;Null
20-1-2000;Null;646,08;649,93;642,99;Null
19-1-2000;Null;642,89;644,54;635,65;Null
18-1-2000;Null;662,37;663,9;645,22;Null
17-1-2000;Null;662,54;664,85;651,98;Null
14-1-2000;Null;648,15;656,75;646,24;Null
13-1-2000;Null;643,88;648,91;639,6;Null
12-1-2000;Null;640,61;643,43;636,15;Null
11-1-2000;Null;657,2;657,2;645,43;Null
10-1-2000;Null;652,82;659,87;651,82;Null
7-1-2000;Null;628,51;646,04;628,44;Null
6-1-2000;Null;631,71;638,77;620,22;Null
5-1-2000;Null;625,49;640,06;621,26;Null
4-1-2000;Null;664,2;664,2;639,35;Null
3-1-2000;Null;677,15;686,33;675,44;Null
